elapsed time (min),D11,D12,D13,D21,D22,D23,D31,D32,D33
1,3.3,4.7,1.7,0.7,1.7,1.3,3,3,4
2,6.3,8.7,4.3,2,3.3,2.7,8,8,8
3,9,12,7.3,3.3,5.3,5,12.7,12.3,11
4,11.7,15.7,9.7,5,7,7,17.7,17,14
5,14.7,19.7,12.7,6.3,8.7,8.7,22.3,21.7,18
6,17.7,23.7,15.3,8,10.3,10.3,26.3,25.7,21
7,20.7,27.7,18.3,9.7,12.3,12.7,31.3,30.3,25
8,23.3,31,20.7,11,13.7,14,35.3,34.7,28
9,26.3,35,23.3,12.3,15.7,16,40,39,31
10,29,38.7,26.7,14.3,17.3,18,44.7,43.7,35
11,32,42.3,29,15.7,19,19.7,49.3,48.3,39
12,34.7,46.3,32,17,20.7,21.3,53.7,52.7,42
13,37,50,34.3,18.7,22.3,23.7,57.7,57,45
14,40.3,53.3,37,20,24,25,62.7,61.3,48
15,43.3,57.3,39.7,21.7,26,27.3,66.7,65.7,51
16,45.3,61,42.7,23.3,27.7,28.7,71.3,70,55
17,48.3,64.7,45,24.7,29,30.7,75.7,74,58
18,51,68.3,47.7,26,31,32.7,80,78.7,62
19,53.3,72,51,27.7,32.3,34.3,84,83,65
20,56.7,75.7,53.3,28.7,34,36,88.7,87.3,68
21,59.3,79.3,55.7,30.7,36.3,38.3,93.3,91.7,72
22,61.7,82.7,58.7,31.7,37.7,39.7,97.3,95.7,75
23,64.7,86.7,61,33.7,39,41.7,101.7,99.7,79
24,67,90,63.7,35,41,43.7,106,104,81
25,69.7,93.7,66.7,36.7,42.7,45,110.3,108.7,85
26,72.3,97.7,69.3,38,44,47,114.7,112.7,88
27,75,101,71.7,39.3,46,48.7,118.7,116.7,92
28,78,104,74.3,41,47.7,50.7,122.7,120.7,95
29,80.3,108.3,77,42.3,49.3,52,127,125.3,98
30,83,112,79.3,44.3,51,54.3,131.7,129.3,101
31,85.7,115.3,81.7,45.7,52.3,56,135.7,133.3,104
32,88.3,119,84.3,47,54,57.7,140,137.3,108
33,90.7,122.3,87,48.7,56,59.3,144,141.3,111
34,93.3,126,89.7,49.7,57.7,61.3,148,145.7,115
35,96,129.3,92,51.3,59,63,152.3,149.7,118
36,98.7,132.7,94.7,53,61,64.7,156.3,153.7,121
37,101,136.7,97.3,54.3,62.3,66.7,160.7,157.7,124
38,104,139.7,100,56,64.3,68.3,164.7,161.7,127
39,106.3,143.3,102,57.3,65.7,70,169,165.7,130
40,108.7,147,104.3,58.7,67.3,71.7,173,169.7,133
41,111.3,150.7,107.7,60.3,69.3,73.7,177,174,137
42,114,154,110,61.7,70.7,75.3,180.7,177.3,140
43,116,157,112,63,72.3,77,185.3,181.7,143
44,119,160.7,114.3,64.7,74,78.7,189,185.3,146
45,121.3,164,117.3,66,75.3,80.7,193,189.3,149
46,124,167.7,119.7,67.7,77,82.3,196.7,193,152
47,126.7,171,122,69,79,84,201,197.3,156
48,128.7,174,124.3,70.7,80.7,85.7,205,201,159
49,131.3,177.7,127,72,82,87.3,209,204.3,162
50,134,181,129.7,73.7,83.7,89,213,209,165
51,136,184.3,132,75,85.3,91,216.7,212,168
52,139,188,134.3,76.7,86.7,92.3,220.3,216.3,171
53,141.3,191.3,136.7,77.7,88.7,94.3,224.7,219.7,174
54,143.7,194.7,139,79.3,90.3,96,228.3,223.7,177
55,146.7,197.7,141.3,81,91.7,98,232,227.3,180
56,148.7,201.3,143.7,82,93.7,99.7,236.3,231,183
57,151,204.7,146,83.7,95,101,240,235.3,186
58,153.3,207.7,149,85,96.7,103,244,238.7,190
59,156.3,211,151.3,86.3,98.3,104.3,247.7,242,192
60,158.3,214,153.7,87.7,100,106.3,251.7,246.3,196
61,161.3,217.7,155.7,89.3,101.3,108,255.3,249.7,199
62,163.3,221,158,91,103.3,109.7,258.7,253.3,202
63,166,224.3,160.3,92,104.7,111.7,262.7,257,205
64,168,227.3,162.7,93.7,106.3,113,266.3,260.7,208
65,170.7,230.3,165,95.3,108.3,114.3,270,264.3,211
66,173,234,167.7,96.7,109.7,116.3,274,268,214
67,175,237,170,98,111,118.7,277.3,271.7,217
68,177.7,240.3,172,99.3,113,120,281.3,275,220
69,180,243.7,174.7,101,114.3,121.7,285.3,278.7,223
70,182.7,246.7,176.7,102,115.7,123.3,288.7,282.3,226
71,184.7,249.7,179,103.7,117.3,125,292.3,286,229
72,187.3,253,181.3,105.3,119.3,126.3,295.7,289,232
73,189.7,256.3,183.7,106.7,120.7,128.3,299.7,292.7,234
74,191.7,259.7,185.7,108.3,122,129.7,303.3,296,238
75,194.3,262.7,188,109.7,124,131.7,307,299.7,241
76,196.3,265.7,190.7,111,125.3,133.3,310.7,303.3,243
77,199,269,192.7,112.7,126.7,135,314,306.7,246
78,201.3,272,195.3,113.7,129,136.7,317.3,310.3,249
79,203.3,275,197.7,115.7,130,138.3,321,313.7,252
80,205.7,278,200,116.7,131.7,139.7,324.7,317,255
81,208.7,281.3,202,118,133,141.7,328,320.3,258
82,210.7,284.3,204,120,135,143,331.3,323.7,261
83,212.7,287.3,206.3,120.7,136.3,144.7,335,327.3,264
84,215,290.3,208.7,122.3,137.7,146.3,338.7,330.7,267
85,217.3,293.7,211,123.7,139.7,148,341.7,333.7,269
86,219.3,296.3,212.7,125.3,141.3,150,345.3,337.3,272
87,222,299.7,215.7,126.3,142.7,151.7,349,340.7,275
88,224.3,302.7,217.3,128.3,144,153,352.7,344,278
89,226.3,305.7,219.7,129.7,145.7,154.7,356,347,281
90,228.3,308.7,222,130.7,147.3,156.3,359.3,350.3,284
91,231,312,224,132.3,148.7,158,362.7,353.7,286
92,233.3,314.7,226.3,133.7,150.3,159.7,366,357,290
93,235.3,317.7,228.3,135,152,161,369,360.3,292
94,237.3,321,230.7,136.3,153.7,162.7,372.3,363.3,295
95,239.7,323.7,232.7,138,155,164.3,376,366.7,298
96,242,326.3,235,139,156.7,166,379.3,370,300
97,244,329.7,237,141,158.3,167.7,382.3,373,303
98,246.3,332.3,239.3,142.3,159.7,169.3,385.7,376,306
99,248.7,335.3,241.7,143.3,161,170.7,389.3,379.3,309
100,251,338.7,243.3,145,162.7,172.7,392.3,382,312
101,253.3,341.3,245.7,146.3,164.3,174,395.7,385.7,315
102,255.3,344.7,248,147.7,166,175.7,399,388.7,317
103,257.7,347,250.3,148.7,167.3,177.3,402.3,391.7,320
104,259.3,350,252.3,150.7,169,178.7,405.7,395,323
105,261.7,352.7,254.3,151.7,170.3,180.3,408.7,397.7,325
106,264,356,256.7,153.3,171.7,182,411.7,401,328
107,266.3,359,258.3,155,173,183.7,415,404,331
108,268.3,361.3,260.3,156,174.7,185,418,406.7,333
109,270.3,364.3,262.7,157,176.7,187,421.3,410,337
110,272.3,367,264.7,159,178,188.3,424.7,413.3,340
111,274.3,370.3,267,160.3,179.3,190.3,427.7,416,342
112,276.7,372.7,268.7,161.3,180.7,191.7,431,419.3,344
113,278.7,375.7,271,163.3,182.3,193,433.7,422,347
114,281,378.3,273.3,164.3,183.7,194.7,437,425,350
115,283,381,275.3,165.7,185.7,196.3,439.7,428.3,353
116,285,383.7,277.3,167,187,198,443.3,430.7,355
117,287,387,279.3,168.7,188.3,199.3,446,434.3,358
118,289,390,281.7,169.7,190,201.3,449,436.7,361
119,291.3,392.3,283.3,171,191.7,202.7,452.3,439.7,364
120,293.3,395.3,285.7,173,193,204.3,455,442.7,366
121,295.3,398,287.7,174,194.7,206,458,445.3,369
122,297.3,400.7,289.3,175.3,196.3,207.3,461,448.3,371
123,299.7,403.3,291.3,176.7,197.7,209,464.3,451.3,374
124,302,405.7,293.3,178,199,210.7,467.3,454,377
125,303.7,408.7,295.7,179.3,200.3,212.3,470.3,457,379
126,305.7,411.3,297.7,181,202,213.7,473,459.7,381
127,307.7,414,300,182.3,203.3,215.7,476,462.3,384
128,309.7,416.7,301.7,183.7,204.7,217,478.7,465.7,387
129,311.7,419.7,303.3,184.7,206.3,218.3,481.7,468,389
130,313.3,422,305.7,186.3,208,220,484.7,470.7,392
131,315.7,425,307.3,187.7,209.7,221.3,487.3,473.7,395
132,317.7,427.3,309.7,189,211,222.7,490.3,476.3,397
133,319.7,430,312,190,212.3,224.3,493.3,479,400
134,321.7,432.7,313.7,192,213.7,226,496.3,481.7,402
135,323.7,435.3,315.3,193,215,227.7,499,484.3,405
136,325.7,438,317.7,194.3,216.7,229,502,487,407
137,327.3,440.7,319.7,195.7,218,231,505,489.7,410
138,329.3,443.3,321.3,197.3,219.7,232.3,507.3,492.3,413
139,331.3,446,323.7,198.3,221,233.7,510.3,495,415
140,333.3,448.3,325.3,199.7,222.3,235.3,513,497.3,417
141,335.3,451,327.3,201,224,237,516,500.3,420
142,337.3,453.7,329.3,202.7,225.7,238.3,519,503,423
143,339.3,456,331,204,227,239.7,521,505.7,425
144,341.3,458.7,333.3,205.3,228.3,241.3,524,508,427
145,343,461.3,335.3,206.7,230,243,526.7,510.7,430
146,345,463.7,336.7,208,231.3,244.3,529.3,513.3,432
147,347,466.3,339,209.3,232.7,246,532,516,435
148,349,468.7,341,211,234,247.7,535,518.3,437
149,350.7,471.3,343,212,235.3,249,537.3,521,439
150,352.7,474,344.7,213.3,236.7,250.7,539.7,523.7,442
151,354,476.3,346.7,214.7,238.3,252.3,542.7,526.3,445
152,356,478.7,348.3,216,240,253.3,545.3,528.7,447
153,358,481.3,350.7,217.3,241.3,255,548.3,531,449
154,360,483.7,352,218.7,242.7,256.7,550.3,533.7,452
155,362,486,354,220,244.3,258,553.3,536,454
156,364,489,356,221.3,245.7,259.7,556,538.7,457
157,366,491.3,358,222.7,247.3,261,558.7,541,459
158,368,493.3,360,224,249,262.3,561,543.3,461
159,369,496,361.3,225.3,250,264,563.7,546,464
160,371,498.3,363.7,226.7,251.3,265.3,566.3,548.3,466
161,373,500.7,365.3,228.3,252.7,267,568.7,551,469
162,375,503.3,367,229.3,254,268.7,571,553.3,471
163,377,505.3,368.7,230.7,255.3,270,573.7,555.3,473
164,379,508,370.7,232,257,271.3,576.3,558.3,476
165,380.3,510.7,373,233,258.3,272.7,579,560.7,478
166,382,512.7,374.3,234.7,259.7,274.3,581,562.7,480
167,384,515,376.3,236,261,276,583.7,565,483
168,386,517,378.3,237.3,262.3,277.3,586.3,567,485
169,388,520,379.7,238.3,264,278.7,588.7,570,487
170,389,522,381.7,240,265.7,280.3,590.7,572,490
171,391,524.3,383.7,241,267,281.7,593.7,574.3,492
172,393,526.7,385.7,242.3,268.3,283.3,596,577,494
173,394.7,529,387,243.7,269.7,284.7,598.7,579,497
174,396.7,531.3,389,245,271,286.3,600.7,581,498
175,398.3,533.7,390.7,246.3,272.3,287.3,603.3,583.7,501
176,400,536,392.7,247.7,273.3,289,605.3,585.7,503
177,401.7,538.3,394.3,249,274.7,290.3,608,588.3,506
178,403.7,540.3,396,250,276.7,292.3,610.3,590.3,508
179,405.3,543,397.7,251.7,278,293.3,612.3,592.7,510
180,407,545,399.7,252.7,279.3,294.7,614.3,594.7,512
181,408.7,547.3,401.3,254.3,280.7,296.3,617.3,596.7,515
182,410.7,549.7,403.3,255.3,282,298,619.3,599.7,517
183,411.7,552,404.7,257,283.3,299.3,621.7,601.3,519
184,413.7,554,406.7,258,284.3,300.7,624.3,603.7,521
185,415.7,556,408.3,259.3,286,302,626.3,606,524
186,417.3,558.3,410,260.3,287.3,303.7,628.3,608,526
187,418.7,560.7,412,261.7,288.7,305,631,610,528
188,420.7,562.7,413.7,263.3,290,306.3,633.3,612,530
189,422.7,565,415.3,264.3,291.3,307.7,635.7,614.7,532
190,424.3,567.3,417.3,265.7,293,309.3,637.7,616.7,534
191,425.7,569.3,418.7,267.3,293.7,310.7,640,618.7,536
192,427.3,571.7,420.3,268,295.3,312,642.3,620.7,539
193,429.3,573.7,422.3,269.7,297,313.3,644,623,541
194,430.7,575.7,424,270.7,298.7,315.3,646.7,625,543
195,432.7,578,425.7,272,300,316.3,648.7,627,545
196,434.3,580,427.3,273.3,301.3,317.7,650.7,629,547
197,436,582.3,429,274.7,302.7,319,653,631,550
198,437.3,584.3,430.7,276,303.7,320.3,655.3,633,551
199,439.3,587,432.7,277.3,305,322,657.3,635,554
200,441,588.7,434,278.7,306.3,323.3,659.7,637,556
201,442.3,591,436,280,308,325,661.7,639,558
202,444.3,593,437.3,281.3,309.3,326,663.7,641,560
203,446,595,439.3,282.3,310.3,327.3,665.7,643,562
204,447.3,597.3,440.7,283.3,311.7,329.3,668,645,564
205,449,599.3,442.3,285,313.3,330.3,669.7,647,566
206,450.3,601,444,286.3,314.7,331.7,672,649,568
207,452.3,603.3,445.7,287.7,316,333.3,674,651.3,570
208,453.7,605.3,447.3,288.7,317,334.3,676,653.3,572
209,455.3,607.7,449.3,289.7,318.3,336,678,655,574
210,456.7,609.3,450.7,291,319.7,337.3,680,656.7,577
211,458.7,611.7,452.3,292.7,321.3,339,682,659,579
212,460,613.7,453.7,293.7,322.7,340,684,661,581
213,461.7,615.3,455.7,295,323.7,341.3,686,662.7,583
214,463.3,617.7,457,296,325,342.3,688.3,664.7,585
215,464.7,619,459,297.3,326.3,344.3,690.3,666.3,587
216,466.3,621,460.3,298.7,327.3,345.7,692.3,668.3,589
217,467.7,623,462,300.3,328.7,346.7,694,670.3,590
218,469.7,625.3,463.7,301.3,330,348.3,695.7,672,593
219,471,627,465,302.3,332,350,698,673.7,595
220,472.3,629,466.7,303.7,333,351,700,675.7,597
221,474,631.3,468.3,305,334,352.3,701.7,677.7,599
222,475.7,633.3,470.3,306.3,335.7,353.7,703.7,679.7,601
223,477.3,635.3,472,307.7,337,355,706,681.3,603
224,478.7,637.3,473,308.7,338.3,356.7,707.3,683,604
225,480,639.3,474.7,310,339.3,357.7,709.3,684.7,607
226,481.7,641,476,311,340.7,359.3,711.3,686.7,609
227,483.3,643,478.3,312,342,360.7,713.3,688.3,611
228,485,644.7,479.3,314,343.3,361.7,715,690,612
229,486.3,646.7,481,315,344.7,363.3,717,692,614
230,487.7,648.3,482.7,316,345.7,365,718.7,693.3,616
231,489.3,650.7,484,317.3,347.3,366,721,695.3,618
232,491,652.3,486,318.3,348.3,367.3,722,697.3,620
233,492.3,654,487.3,319.3,349.7,368.3,724,699,622
234,494,656,489,321.3,351,370,726,700.7,624
235,495.3,658,490.3,322.3,352,371.7,728,702.3,626
236,496.3,659.7,491.7,323.7,353.7,372.7,729.7,704,627
237,498.3,661.7,493.7,324.7,355,374,731.7,706,629
238,499.7,663.3,494.7,325.7,356.3,375,733.3,707.3,631
239,501.3,665.3,497,327,357.3,376.7,735.3,709.3,633
240,502.3,667.3,498,328.3,358.7,378,737.3,711,635
241,504.3,669.3,499.3,329.7,359.7,379.3,738.7,712.3,637
242,505.3,670.7,501,331,361,381,740.3,714,639
243,507,672.3,502.7,332,362.3,382,742.3,716,641
244,508.3,674.3,504.3,333,363.3,383.3,743.7,717.7,643
245,510,676.3,505.3,334.3,364.7,384.3,745.3,719,644
246,511.3,678,507.3,335.7,366,386,747.3,720.7,646
247,512.7,679.7,508.7,337.3,367,387.3,749,722.3,648
248,514,681.3,510,338.3,368.3,388.7,750.7,723.7,650
249,515.3,683.3,511.3,339.3,369.3,390,752.3,725.3,652
250,517,685,513.3,340.3,370.7,391,754,727.3,653
251,518.3,686.7,514.3,341.7,372.3,392,755.7,728.7,655
252,519.7,688.3,516.3,342.7,373.3,393.7,757.7,730.7,657
253,521,690,517.7,344,374.7,395.3,759,732,659
254,522.7,692,518.7,345.7,376,396.3,761,733.7,661
255,524,693.7,520.7,346.7,377.3,397.7,762.3,735,662
256,525.7,695,522,347.7,378.7,398.7,764,736.3,664
257,527,697,523.3,349,380,400.3,765.7,738.3,666
258,528,699,524.7,350,381,401.3,767,739.7,668
259,529.3,701,526.3,351.3,382.3,402.7,768.7,741.3,669
260,531,702,527.7,352.7,383.3,404,770.3,743,671
261,532.3,704,529,353.7,384.7,405.7,772,744.3,673
262,533.7,705.7,530.7,355,386,406.7,773.3,746,675
263,535,707.3,531.7,356.3,387,408,775,747.3,676
264,536,709,533.3,357.3,388.3,409,776.3,748.7,678
265,537.7,710.7,535,358.3,389.3,410.7,778,750.7,679
266,539.3,712.3,536.3,359.7,390.7,411.7,780,751.7,681
267,540.3,714,538,361,391.7,413,781,753.3,683
268,541.7,715.7,539,362,393,414.3,782.7,754.7,685
269,543.3,717,540.7,363,394,415.7,784.7,756.3,686
270,544.3,718.7,542,364.3,395.3,416.7,785.7,757.7,687
271,546,720.7,543.7,365.7,396.3,418.3,787.3,759,689
272,547.3,722,544.7,367,397.7,419.3,789,761,691
273,548.3,723.7,546,368,399,420.7,790.3,762.3,693
274,549.7,725.3,547.7,369,400,421.7,792,763.7,694
275,551.3,727,549,370,401.3,423,793.3,765,696
276,552.3,728.7,550.3,371.3,402.3,424.7,794.7,766.3,697
277,553.7,730,552,372.7,403.7,425.7,796.3,768,699
278,555,731.7,553,373.7,404.7,427,797.7,769.3,701
279,556.3,733,554.7,375.3,406,428,799.3,770.3,702
280,557.3,735,556,376.3,407,429.3,801,772,704
281,559.3,736.3,557.3,377.3,408.3,430.3,802,773,706
282,560.3,738,558.7,378.3,409.3,432.3,803.7,774.7,708
283,561.3,739.3,560,379.7,410.7,433.3,805,776,709
284,562.7,741,561.7,380.7,411.7,434.7,806.3,777.3,711
285,564.3,742.7,562.7,382,413,435.7,807.7,779,712
286,565.3,744,564,383.3,414,436.7,809,780,714
287,566.7,745.7,565.3,384.3,415.3,438,810.7,781.3,715
288,568,747,567,385.3,416.7,439,812,782.7,717
289,569.3,748.7,568,386.3,417.7,440.7,813.3,784.3,718
290,570.3,750.3,569.3,387.7,418.7,441.7,814.7,785.3,720
291,571.7,751.7,571,389,420,442.7,816,786.3,721
292,573,753.3,572.3,390,421,444.3,817.3,788,723
293,574,754.7,573.7,391.3,422.3,445.3,818.7,789.3,724
294,575.3,756.3,575,392.3,423.3,446.7,820.3,790.3,726
295,576.7,757.7,576.3,393.3,425,447.7,821.3,792,727
296,578,759.3,577.7,394.3,425.7,449,823,793,729
297,579,760.7,579,396,427,450.3,824,794.7,730
298,580.3,762.3,580.3,397,428,451.3,825.7,795.7,732
299,581.3,763.3,581.7,398,429.3,453,826.7,797,734
300,583,765,583,399,430.3,453.7,828,798.3,735
301,584,766.7,584,400.7,431.3,455,829,799.3,736
302,585,767.7,585.3,401.7,432.7,456.7,830.3,801,738
303,586,769,587,402.7,433.7,457.7,832,802,740
304,588,770.7,588,404,435,458.7,833,803.3,741
305,589,772,589.3,405,436,460,834.7,804.7,742
306,590,773.7,591,406.3,437.3,461,835.7,805.7,744
307,591,775,592,407.3,438.3,462.3,837,806.7,745
308,592.7,776.3,593,408.3,439.7,463.3,838.3,808.3,746
309,593.7,778,594.3,409.7,440.7,464.3,839.3,809.3,748
310,595,779,596,410.7,441.7,465.7,841,811,749
311,596,781,597,411.7,443,467.3,842,812,751
312,597,782,598.3,413,444,468,843.3,813.3,752
313,598.3,783.7,599.3,414.3,445.3,469.7,844.3,814,754
314,599.7,785,601,415.3,446.3,470.7,845.7,815.3,755
315,601,786,602.3,416,447.3,471.7,847,816.7,757
316,602,787.7,603.3,417.3,448.7,473,848,817.7,758
317,603.3,789,604.3,418.7,449.7,474,849,818.7,759
318,604.3,790.3,606,419.7,451,475.3,850.3,820,761
319,605.3,791.3,607.3,421,452,476.7,851.7,821.3,762
320,606.7,792.7,608.3,421.7,453,477.7,852.7,822.3,763
321,608,794.3,610,423.3,454,478.7,853.7,823.7,764
322,609,795.3,611,424.3,455.3,480,855,824.7,766
323,610,796.7,612,425,456.3,481.3,856,825.7,768
324,611.3,798.3,613.7,426.3,457.7,482,857,827,769
325,612.3,799.7,614.7,427.3,458.7,483.7,858,828.3,770
326,613.7,800.7,616,428.7,459.3,484.7,859.3,828.7,772
327,614.3,802,617,429.7,460.7,486,860.3,830.3,773
328,615.7,803.7,618.3,430.7,462,487,862,831,774
329,617,804.7,619.7,431.7,463,488.3,863,832.3,776
330,618.3,805.7,621,432.7,464,489.3,864,833.3,777
331,619.3,807,622,434,465,490.3,865,834.3,778
332,620.3,808.7,623,435,465.7,491.3,866.7,835.7,779
333,621.3,810,624,436.3,467.3,492.7,867.3,836.7,781
334,622.3,811,626,437.3,468.3,493.7,868.3,837.7,782
335,623.3,812.3,627,438.7,469.3,494.7,869.3,839.3,783
336,624.7,814,628,439.7,470.3,496,870.7,840,785
337,625.7,815,629,441,471.3,497,871.7,841,786
338,626.7,816,630,441.7,472.3,498.3,872.7,842,787
339,628,817.3,632,442.7,473.7,499.7,874.3,843.3,789
340,629.3,818.3,633,444,474.7,500.7,875,844.3,790
341,630.3,820.3,634,445.3,475.7,502,876,845,791
342,631.3,821.3,635,446,477,503,877,846.3,792
343,632.3,822.3,636,447,478,504,878,847,793
344,633.3,823.3,637.3,448.3,479,505.3,879,848.3,795
345,634.7,824.7,638.7,449.3,480,506.3,880,849.3,796
346,635.3,826,640,450.3,481.3,507.3,881,850.3,797
347,636.7,827,641,451.7,482.3,508.3,882,851,798
348,637.7,828.3,642,452.7,483.3,509.7,883,852,800
349,638.7,829.7,643.3,453.7,484.3,511,884,853,801
350,639.7,830.7,644.3,455,485.7,512,884.7,854.3,802
351,640.7,831.7,645.3,456,486.3,513,886,855.3,804
352,642,833.3,647,457,487.7,514,887,856.3,805
353,643.3,834.3,647.3,458,489,515.3,888,857.3,806
354,644.3,835.3,649,459,489.3,516.3,888.7,858,807
355,645.3,836.7,650.3,460,490.3,517.3,889.7,859,808
356,646.3,837.7,651.3,461.3,491.3,518.3,891,860,809
357,647,838.7,652.3,462.3,492.7,519.7,892,861,811
358,648.3,840,653.3,463.3,493.7,520.7,893,862,812
359,649.3,841,654.3,464.3,494.7,521.7,894,863.3,813
360,650.3,842.3,655.7,465.3,495.7,522.7,894.7,863.7,814
361,651.3,843.3,656.7,466.3,497,523.7,895.7,864.7,816
362,652.3,845,658,467.3,498,524.7,896.3,865.7,817
363,653.3,846,659.3,468.7,499,526,897.3,866.7,818
364,654.3,847,660.3,469.7,500,527.3,898.3,867.7,819
365,655.3,848,661.3,470.7,501.3,528.3,899,868.3,820
366,656.3,849,662.3,471.7,502.3,529,900,869.7,821
367,657.3,850.3,663.3,472.7,503.3,530.3,901.7,870.3,822
368,658.3,851.3,664.7,473.7,504,531.7,901.7,871,823
369,659.3,852.3,666,474.7,505,533,902.7,872,824
370,660.3,853.3,667,476,505.7,533.7,904,873,826
371,661.7,854.7,668.3,477,507,535,904.7,874,827
372,662.3,856,669,478,508,536,905.7,875,828
373,663.3,856.7,670.3,479,509,537,906.7,876,829
374,664.3,858,671.3,480,510,538,907.3,876.7,830
375,665.7,858.7,672.3,481,511,539.3,908.3,877.7,831
376,666.3,860,673.3,482.3,512,540.3,909.3,878.3,832
377,667.3,861.3,674.3,483.3,513.3,541.3,910,879.3,833
378,668.3,862.3,675.7,484.3,514,542.3,911,880,834
379,669.3,863.3,676.3,485.3,515,543.3,912,880.7,835
380,670.3,864.3,677.3,486.3,516,544.3,912.3,881.7,836
381,671.3,865.3,678.7,487.3,517,545.3,913.3,882.3,837
382,672.3,866.7,680,488.3,517.7,546.7,914.3,883.7,838
383,673.3,867.7,681,489.3,519,547.7,915,884,840
384,674.3,868.7,682,490.7,520.3,548.7,916,885,841
385,675.3,869.7,683,491.7,521,549.7,916.7,886,842
386,676,870.7,684,492.7,522,550.7,917.7,886.7,843
387,677,871.3,685,493.7,523,551.7,918.7,887.3,844
388,678,872.3,686,494.7,524,552.7,919.3,888.3,844
389,679,873.7,687,495.7,525,553.7,920,889,846
390,680,874.7,688,496.7,526,555,920.7,890,847
391,681,875.7,689,498,527,556,921.7,891,848
392,682,876.7,690.3,499,528,557,922.3,891.7,849
393,683,877.7,690.7,500,529,558,923.3,892.3,850
394,683.7,878.7,692.3,501,530,559,924.3,893.3,851
395,685,879.7,693.3,501.7,530.7,559.7,924.7,894,852
396,685.7,880,694.7,502.7,531.7,561,925.7,894.3,853
397,686.3,881.3,695.7,504,532.7,562,926.3,895.3,854
398,687.7,882.3,696.7,504.7,534,563,927.3,896,855
399,688.3,883.3,697.3,505.7,535,564,928,897,856
400,689.3,884.3,698.3,507,535.7,565.3,928.7,897.7,857
401,690.3,885.3,699.3,508,536.7,566,929,898.7,858
402,691,886.3,700.3,509,537.7,567,930,899.3,859
403,692,887.3,701.3,510,538.7,568,930.7,900.3,860
404,693,888,702.3,511,539.7,569,931.7,901,861
405,694,889,703.3,512,540.7,570,932.3,902,862
406,695,890,704.3,512.7,541.3,571,933,902.3,863
407,696,891,705.3,513.7,542.3,572,933.7,903.3,864
408,696.7,892,706.3,514.7,543.3,573,934.7,904,864
409,697.7,893,707.3,515.7,544.3,574,935.7,904.7,866
410,698.3,893.7,708.3,516.7,545.3,575,936,905.7,866
411,699.3,894.3,709.3,517.7,546.3,576,936.3,906.3,867
412,700,895.3,710.7,519,547.3,577,937.7,907.3,868
413,701,896.7,711,519.7,548.3,578,938.3,908,869
414,702,897.3,712.3,521,549.3,579,938.7,908.3,870
415,703,898.7,713.3,521.7,550,580,939.7,909.3,871
416,704,899.3,714,523,551,581.3,940.3,909.7,872
417,704.7,900.3,715.3,524,551.7,582,941,910.7,873
418,705.7,901.3,716.3,524.7,552.7,583,941.3,911,874
419,706.7,902,717.3,525.7,553.7,584,942,912.3,875
420,707.3,903,718.3,527,554.7,585.3,943.3,912.7,876
421,708,903.7,719,527.7,555.7,586.3,943.3,913.3,876
422,709,904.7,720,528.7,556.7,587.3,944.3,914.3,877
423,710,905.7,721,529.7,557.3,588.3,945,915,878
424,710.7,906.7,722,530.3,558.7,589.3,946,915.3,879
425,711.3,907.3,723,531.7,559,590.3,946.3,916.3,880
426,712.7,908,724,532.3,560,591.3,947,916.7,881
427,713.7,909,724.7,533,561,592.3,947.7,917.3,882
428,714.3,910,725.7,534.7,562,593.3,948.3,918.3,883
429,715,911,726.7,535.7,563,594,949,918.7,883
430,716,911.7,727.7,536.3,564,594.7,950,919.3,884
431,716.7,912.3,728.7,537.7,564.7,595.7,950,920.3,885
432,717.7,913,729.7,538.3,566,596.7,950.7,921,886
433,718,914.3,730.7,539.3,566.3,597.7,951.7,921.3,887
434,719,914.7,731,540.3,567.3,598.7,952.3,922.3,887
435,720,915.3,732.3,541.3,568.3,599.7,952.7,922.7,888
436,721,916.3,733.3,542.3,569.3,600.7,953.3,923.7,889
437,721.7,917,734,543,570.3,601.7,954,924,890
438,722.7,918,735.3,544,571.3,602.7,954.7,924.7,891
439,723.3,919,735.7,545,572,603.7,955,925.7,892
440,724,919.7,736.7,546,572.7,604.7,956,926.3,892
441,725,920.3,737.3,547,574,605.3,956.3,926.3,894
442,725.7,921.3,738.3,547.7,574.7,606.3,957,927.3,895
443,726.7,922.3,739.3,549,575.7,607.3,957.7,928,895
444,727.3,922.7,740,549.7,576.7,608.3,958.3,928.7,896
445,728,923.7,741.3,550.7,577.7,609.3,959,929.3,897
446,729,924.7,742,551.7,578.7,610.3,959.3,930,897
447,730,925,743,552.7,579,611,960,930.3,898
448,730.7,926,743.7,553.7,580,611.7,960.7,930.7,899
449,731.7,926.7,745,554.3,581,612.7,961,932,900
450,732,927.3,745.7,555.3,582,613.7,962,932.3,901
451,733,928.3,746.7,556.3,583,614.7,962.3,932.3,901
452,733.7,929.3,747.7,557.3,584,615.7,963,933.3,902
453,734.7,930,748.7,558.3,585,616.7,963.7,933.7,903
454,735.3,930.7,749,559,585.3,617.7,964,934.3,904
455,736,931.7,750,560,586.7,618.7,964.3,934.7,905
456,737,932.3,751,561,587.3,619.7,965.3,935.3,905
457,737.7,933,751.7,562,588,620.7,965.7,936,906
458,738.7,933.7,752.7,563,589,621.3,966,936.3,907
459,739.3,934.7,753.7,564,589.7,622,967,937,907
460,740.3,935,754.7,564.7,590.7,623,967,937.7,908
461,740.7,936,755.3,565.7,591.7,624,968,938,909
462,741.7,937,756,566.7,592.3,624.7,968.7,938.3,910
463,742.7,937.3,757,567.7,593.3,625.7,968.7,939,910
464,743.7,938.3,757.3,568.3,594.3,626.7,969.7,939.3,911
465,744,938.7,758.3,569.7,595,627.7,970,940,912
466,744.7,939.3,759.3,570.3,596,628.7,970.7,940.7,913
467,745.7,940.3,760.3,571.3,596.7,629.7,971.3,941,913
468,746.3,941,761,572.3,597.3,630.7,971.7,941.3,914
469,747,941.7,762,573,598.3,631.7,971.7,942,915
470,748,942,763,574,599.3,632.7,972.7,942.3,916
471,748.7,943,763.3,575,600,633,973.3,943,916
472,749.3,944,764,575.7,601,633.7,973.7,943.7,917
473,750,944.3,765.3,576.7,602,634.7,974.3,944,917
474,750.7,945.3,766,577.7,602.7,635.7,974.7,944.3,918
475,751.7,946,767,578.7,603.7,636.7,975.3,945,919
476,752.3,946.3,767.7,579.3,604.3,637.7,975.7,945.3,920
477,753,947.3,768.7,580.3,605,638.7,976.3,946,921
478,753.7,947.7,769.3,581.3,606,639.7,976.3,946.7,921
479,754.7,948.7,770,582.3,607,640.7,977,946.7,922
480,755.3,949.3,771,583.3,608,641,977.7,947.7,922
481,756,949.7,772,584,608.7,641.7,978,948,923
482,756.7,950.7,772.3,585,609.3,642.7,978.3,948.7,924
483,757.7,951.3,773.3,586,610,643.7,979.3,949,924
484,758,952,774,587,611,644.7,979.3,949.3,925
485,758.7,952.7,775,587.7,612,645.7,980,949.7,926
486,759.7,953.3,775.7,588.7,613,646.7,980.3,950,926
487,760.3,954,776.3,589.7,613.7,647.3,981,950.7,927
488,760.7,954.7,777.3,590.3,614.3,647.7,981.3,951.3,928
489,761.7,955.7,778.3,591.3,615,649,981.7,951.7,928
490,762.3,955.7,779,592.3,616,649.7,982.3,952,929
491,763.3,956.7,780,593.3,617,650.7,982.7,952.7,930
492,763.7,957,780.3,594,617.7,651.7,983,953,930
493,764.7,958,781,594.7,618.7,652.3,983.7,953.3,931
494,765.7,958.3,782,595.7,619,653.3,984,953.7,932
495,766,959,783,596.3,620,654.3,984.7,955,932
496,766.7,959.7,783.3,597.3,621,655.3,984.7,955,933
497,767.3,960.3,784.3,598.3,622,655.7,985.3,955.3,933
498,768.3,961,785,599.3,622.3,656.7,985.3,955.7,934
499,768.7,961.7,786,600.3,623.3,657.3,986.3,956.3,935
500,769.3,962.3,786.7,601,624,658.3,986.7,956.7,935
501,770.3,963,787,601.7,625,659.3,987,957,936
502,770.7,963.7,788,602.7,626,660.3,987.3,957.7,937
503,771.7,964,789,603.7,626.7,661.3,987.7,958,937
504,772.7,965,789.7,604.7,627.3,662,988,958.3,938
505,772.7,965.3,790.7,605.7,628,662.3,988.3,958.7,939
506,773.7,966,791.3,606.3,629,663.3,988.7,959.3,939
507,774.3,966.3,791.7,607,630,664.3,989,960,940
508,774.7,967.3,792.3,608.3,630.7,665.3,989.3,960,940
509,775.7,967.7,793.3,608.7,631.3,666.3,989.7,960.3,941
510,776.3,968.3,794.3,609.7,632,667,990,960.7,941
511,777.3,968.7,794.7,610.7,633,667.7,990.3,961.3,942
512,777.7,969.7,795.3,611.3,634,668.3,990.3,961.7,942
513,778.3,970,796.3,612,635,669.3,991,961.7,943
514,779,970.7,797,613,635,670.3,991,962.3,944
515,779.7,971.3,798,614,636,671,991.7,962.7,944
516,780.3,971.7,798.3,615,637,672,992,963,945
517,780.7,972.3,799.3,616,638,673,992,963.7,945
518,781.7,973,800,616.3,638.7,673.7,992.7,963.7,946
519,782.3,973.7,801,617.3,639,674,992.7,964.3,947
520,783,974.3,801.7,618.3,640,675,992.7,964.7,947
521,783.7,974.7,802,619,641,676,993.3,965,948
522,784.3,975.3,803,620.3,641.7,677,993.7,965.3,948
523,785,975.7,803.7,620.7,642.3,678,994,965.7,949
524,785.7,976.3,804.7,621.7,643.3,678.3,994.3,966,949
525,786,976.7,804.7,622.3,644,679,994.7,966.7,950
526,787,977.3,805.7,623.3,644.7,680,995,966.7,950
527,787.3,978,806.7,624.3,645.7,681,995,967.3,951
528,788,978.7,807.3,625.3,646.3,682,995.7,967.7,951
529,789,979,807.7,625.7,647,682.7,996,968,952
530,789.7,980,808.7,626.7,647.7,683,996,968,953
531,790,980,809.3,627.3,648.7,684,996.3,968.7,953
532,790.7,980.7,810,628.3,649.3,685,997,969,953
533,791.3,981.3,810.7,629.3,649.7,685.7,997,969.3,954
534,792,981.7,811.3,630,651,686.7,997.3,969.7,955
535,792.7,982.3,812.3,631,651.7,687.7,997.7,970.3,955
536,793.3,983,813,631.7,652.3,688,998,970.3,956
537,794.3,983,813.3,632.7,653,688.7,998,970.7,956
538,794.3,984,814,633.7,653.7,689.7,998.7,971,957
539,795.3,984.3,815,634.3,654.7,690.7,998.7,971.3,957
540,796,985,815,635,655.7,691.7,998.7,971.7,958
541,796.3,985.3,816,635.7,656,692,999.3,971.7,958
542,797.3,986,816.7,636.7,656.7,693,999.3,972.3,959
543,797.7,986.3,817.7,637.7,658,693.7,999.7,944.5,959
544,798.3,987,818,638.3,658.3,694.3,999.7,945,960
545,799,987.3,819,639.3,659,695,1000.3,945.5,960
546,799.3,987.7,819.7,640,660,696,1000.7,945.5,961
547,800.3,988.7,820,641,660.3,696.7,1001,946.5,961
548,800.7,988.7,820.7,642,661.3,697.3,1001,947,962
549,801.3,989.7,821.7,642.3,662.3,698.3,1001.3,947.5,962
550,802,989.7,822.7,643,662.7,699.3,1001.7,948,963
551,802.3,990.7,822.7,644,663.3,700,1002,948.5,963
552,803,990.7,823.7,645,664.3,700.3,1002,949,964
553,803.7,991.3,824.3,645.7,665,701.3,1002.7,949,964
554,804.3,992,825,646.7,665.7,702.3,1002.7,950,965
555,805,992.3,825.3,647,666.7,702.7,1002.7,950,965
556,805.7,993,826.3,648,667,703.7,1003.3,951,966
557,806,993.7,827,649,667.7,704.3,1003.3,951.5,966
558,807,993.7,828,649.7,668.7,705.3,1004,952,966
559,807.3,994.3,828,650.7,669.7,706,1004,952,967
560,808,994.7,829,651.3,670.3,706.7,1004.3,952.5,968
561,808.3,995,829.7,652,670.7,707.7,1004.3,953.5,968
562,809,995.7,830,652.7,671.3,708,1004.7,953.5,969
563,809.7,996,830.7,653.7,672.3,709,1005,954,969
564,810,997,831,654.7,673.3,710,1005,954.5,969
565,811,997,832,655.3,673.3,710.7,1005.7,955.5,970
566,811.3,997.7,832.7,656.3,674.3,711.3,1005.7,955.5,970
567,812,998,833.3,657.3,675.3,712.3,1006,956,971
568,812.3,998.3,833.7,657.7,675.7,712.7,1006.3,956,971
569,813,998.7,834.7,658.3,676.3,713.3,1006.3,957,972
570,814,999.3,835,659.3,677,714.3,1006.3,957.5,972
571,814,1000,835.3,660.3,678,715.3,1007,957.5,972
572,815,1000.3,836.3,661,679,715.7,1007,958,973
573,815,1000.7,837,662,679,716.3,1007.3,959,973
574,816,1001,837.7,662.3,680,717.3,1007.3,959,974
575,817,1001.7,838,663.3,681,718,1008,959.5,974
576,817,1002,839,664,681.7,718.7,1008,960,975
577,818,1002.3,839.3,665,682,719.3,1008,960.5,975
578,818,1003,840,665.7,682.7,720,1008.7,961,975
579,819,1003.3,841,666,683.7,721,1008.7,961.5,976
580,819.3,1003.3,841,667,684.7,722,1008.7,962,976
581,820,1004.3,842,668,684.7,722.3,1009,962.5,977
582,820.3,1004.7,842.3,668.7,685.7,723,1009.7,962.5,977
583,821,1005,842.7,669.3,686.3,724,1009.7,963,978
584,821.3,1005.3,843.7,670.3,687,724.7,1009.7,963.5,978
585,822,1005.7,844.7,671,687.7,725.7,1010,964,979
586,823,1006.3,845,671.7,688.3,726,1010.3,964.5,979
587,823,1006.7,845.3,672.3,689.3,726.7,1010.3,964.5,979
588,823.7,1007,846,673.3,690,727.7,1010.3,965.5,979
589,824.3,1007.7,846.7,674.3,690.3,728.3,1011,965.5,980
590,824.7,1007.7,847,674.7,691.3,728.7,1011,966,980
591,825.3,1008.3,847.7,675.7,691.7,729.7,1011.3,966.5,981
592,826,1008.7,848.7,676.3,692.3,730.7,1011.7,967,981
593,826.7,1009,849,677.3,693,730.7,1011.7,967.5,982
594,827,1009.3,849.3,677.3,694,731.7,1011.7,967.5,982
595,827.7,1010,850.3,678.7,695,732.7,1012,968,982
596,828,1010.3,850.7,679.3,695,733.3,1012.3,968.5,983
597,828.7,1010.7,851.7,680.3,696,734,1012.7,969,983
598,829,1010.7,852,680.7,697,734.3,1012.7,969,983
599,829.7,1011.7,852.3,681.7,697.3,735.3,1012.7,970,984
600,830,1011.7,853.3,682.3,698,736.3,1013.3,970.5,984
601,830.7,1012.3,853.3,683.3,698.7,736.7,1013.3,970.5,985
602,831.3,1012.7,854,683.7,699.7,737.3,1013.3,970.5,985
603,831.7,1013,854.7,684.7,699.7,738.3,1013.7,971.5,985
604,832.7,1013,855,685.3,700.7,739,1014,971.5,986
605,832.7,1014,856,686,701.3,740,1014.3,972,986
606,833.7,1014,856.3,687,702,740,1014.3,972.5,986
607,833.7,1014.3,856.7,687.3,702.7,741,1014.3,973,987
608,834.3,1015,857.7,688.7,703.3,741.7,1015,973.5,987
609,834.7,1015.3,858,688.7,704.3,742.3,1015,973.5,988
610,835.3,1015.7,858.7,689.7,704.3,743,1015,974,988
611,836,1016,859,690.7,705.3,744,1015.3,974.5,988
612,836.7,1016.3,859.7,691.3,706,744.3,1015.7,975,989
613,836.7,1016.3,860.7,691.7,706.7,745,1015.7,975,989
614,837.7,1017,860.7,692.7,707,745.7,1016,975,989
615,837.7,1017.3,861.7,693.3,708,746.3,1016,976,989
616,838.7,1017.7,862,694,708.7,747.3,1016,976,990
617,838.7,1018,862.3,694.7,709,748,1016.3,977,990
618,839.3,1018.7,863.3,695.7,709.7,748.7,1016.7,977,991
619,840,1018.7,863.3,696.7,710.7,749.3,1016.7,977.5,991
620,840.7,1019,864,697,711,750,1016.7,977.5,992
621,840.7,1019.7,865,697.7,711.7,750.3,1017.3,978,992
622,841.7,1020,865,698.7,712.7,751.3,1017.3,978,992
623,842,1020.3,865.7,699.3,712.7,752,1017.3,978.5,992
624,842.7,1020.3,866.3,700,714,752.7,1017.7,979,993
625,842.7,1021,867,700.7,714.3,753.7,1017.7,979.5,993
626,843.7,1021.3,867.7,701.3,714.7,753.7,1017.3,979.5,993
627,844,1021.3,868,702,715.7,754.7,1017.7,980,993
628,844.7,1022,868.3,702.7,716.3,755.3,1018,980.5,994
629,845,1022.3,869,703.7,717,755.7,1018.3,980.5,994
630,845.7,1022.7,869.7,704.7,717.7,756.7,1018.3,981.5,994
631,845.7,1022.7,870,705,718,757.3,1018.3,981.5,995
632,846.7,1023.3,870.7,705.7,719,757.7,1018.3,982,995
633,846.7,1023.7,871,706.7,719.3,758.3,1018.3,982,995
634,847.7,1023.7,871.7,707,720,759.3,1018.7,982.5,996
635,848,1024,872.3,708,720.7,760,1018.7,983,996
636,848.3,1024.7,872.7,708.3,721,760.3,1018.7,983,996
637,849,1024.7,873,709,721.7,761.3,1018.7,983.5,996
638,849.7,1025,873.3,710,722.7,762,1018.7,984,997
639,849.7,1025.3,874.3,710.3,723,762.3,1018.7,984,997
640,850.3,1026,874.3,711.3,724,763,1018.7,984.5,997
641,851,1026,875.3,712,724.3,764,1019,985,997
642,851.3,1026.3,875.3,712.7,725,764.3,1019.3,985,998
643,852,1026.7,876,713.3,725.7,765,1019.3,985.5,998
644,852.3,1027,876.3,714.3,726.3,766,1019,985.5,998
645,853,1027.3,877,715,727,766.3,1019.7,986,998
646,853,1027.7,877.3,715.7,727.3,767,1019.7,986.5,999
647,853.7,1027.7,878,716,728,767.7,1019.7,986.5,999
648,854,1028.3,878.7,717,729,768.3,1019.7,987.5,999
649,854.3,1028.3,879,717.7,729.3,769,1020,987.5,1000
650,855,1028.7,879.7,718.3,730,769.7,1020.3,987.5,1000
651,855,1029,880,718.7,730.7,770,1020.7,988,1000
652,856,1029.3,880.7,719.7,731.3,771,1020.3,988.5,1000
653,856.3,1030,880.7,720,731.7,771.7,1020.7,988.5,1001
654,857,1030,881.7,721,732.7,772.3,1020.3,989,1001
655,857.3,1030,882,721.7,733,773,1022.5,989,1001
656,857.7,1030.7,882.3,722.3,733.7,773.3,1022.5,990,1001
657,858.3,1031,883,723,734.3,774.3,1023,990,1002
658,858.3,1031,883.3,724,735,774.7,1023,990.5,1002
659,859.3,1031.3,884,724.3,735.7,775.3,1022.5,991,1002
660,859.3,1032,884.7,725,736.3,776,1023,991,1002
661,860.3,1032.3,884.7,725.7,736.3,776.7,1023.5,991,1002
662,860.7,1032.3,885.3,726.7,737,777.3,1023,991.5,1003
663,860.7,1032.3,885.7,726.7,738,777.7,1023,992,1003
664,861.3,1033,886.3,727.7,738.3,778.3,1023.5,992,1004
665,861.7,1033.3,886.7,728.7,739,779.3,1023.5,992.5,1004
666,862.3,1033.3,887,729,739.7,779.3,1023.5,992.5,1004
667,862.7,1033.7,888,729.7,740.3,780.3,1023.5,992.5,1004
668,863.3,1034,888,730.7,740.7,781,1024,993,1004
669,863.7,1034.7,888.7,730.7,741.7,781.7,1024,993.5,1004
670,863.7,1034.7,889,731.7,742,782,1024,994,1005
671,864.3,1034.7,889.3,732.7,742.3,783,1024,994.5,1005
672,865,1035.3,890,732.7,743.3,784,1024.5,994.5,1005
673,865.3,1035.7,890.3,733.7,743.7,784,1024.5,994.5,1006
674,865.7,1035.7,891,734.7,744.7,785,1025,995,1006
675,866.3,1035.7,891,734.7,745,785,1025,995.5,1006
676,866.7,1036.3,891.7,735.7,745.7,786,1025,995.5,1006
677,867.3,1036.3,892.3,736.7,746,786.7,1025,995.5,1006
678,867.3,1036.7,892.7,736.7,746.7,786.7,1025,996,1007
679,867.7,1037,893,737.7,747.3,787.7,1025,996.5,1007
680,868.3,1037,893.3,738,747.7,788.7,1025,997,1007
681,868.7,1037.7,893.7,738.7,748.3,788.7,1025.5,997,1007
682,869.3,1037.7,894.7,739.7,749,789.7,1025.5,997.5,1007
683,869.7,1038,895,740.3,749.7,790.3,1025.5,998,1007
684,870,1038.3,895,740.7,750,790.7,1025.5,998,1008
685,870.3,1038.7,896,741.7,750.3,791.3,1025.5,998,1008
686,871,1038.7,896.3,742.3,751.3,791.7,1026,998,1009
687,871.3,1038.7,896.3,742.7,752,792.3,1026,999,1009
688,871.7,1039.3,897.3,743.7,752.3,793,1026,999,1009
689,872.3,1039.7,897.7,744.3,753,793.7,1026,999,1009
690,872.7,1040,898,744.7,753.7,794,1026,999.5,1009
691,873,1040,898.3,745.3,754,795,1026,999.5,1010
692,873.3,1040,899,746,754.7,795,1026.5,1000,1010
693,874,1040.3,899.3,746.7,755.3,796,1026.5,1000.5,1010
694,874,1041,899.7,747.3,755.7,796.3,1026.5,1000.5,1010
695,874.7,1041,900,747.7,756.3,797.3,1027,1000.5,1010
696,875,1041,900.3,748.7,757,797.7,1027,1001,1011
697,875,1042,901,749.3,757.3,798.3,1027,1001.5,1011
698,876,1042,901.3,749.7,758.3,798.7,1027,1001.5,1011
699,876,1042,901.7,750.7,758.3,799.7,1027,1001.5,1011
700,876.7,1042,902.3,750.7,759.3,800,1027.5,1001.5,1011
701,877,1042.3,902.7,751.7,759.7,801,1027.5,1002.5,1012
702,877.3,1042.7,903.3,752.3,760,801,1027.5,1002.5,1012
703,878,1043,903.3,753,761,802,1027.5,1003,1012
704,878.3,1043.3,904.3,753.3,761.3,802.3,1027.5,1003,1012
705,878.7,1043.3,904.3,754,762,802.7,1028,1003,1012
706,879.3,1043.3,904.7,754.7,762.3,803.7,1028,1003,1012
707,879.3,1043.7,905,755.3,763,803.7,1028,1004,1013
708,880,1044,906,756,763.7,804.7,1028,1004,1013
709,880.3,1044,906,756.7,764,805.3,1028,1004,1013
710,880.7,1044.3,906.3,757.3,764.7,805.7,1028,1005,1013
711,881.3,1044.7,907,757.7,765.3,806.3,1028.5,1005,1013
712,881.7,1045,907.3,758.3,765.7,807,1028.5,1005,1013
713,882,1045,908,759,766.3,807.3,1028.5,1005,1013
714,882.3,1045.3,908,759.7,766.7,808.3,1028.5,1005.5,1013
715,882.3,1045.3,908.3,760.3,767.3,808.3,1028.5,1006,1014
716,883.3,1045.3,909,760.7,768,809.3,1029,1006,1014
717,883.3,1045.3,909.3,761.3,768.3,809.7,1029,1006.5,1014
718,884,1046,909.7,762.3,769,810.3,1029,1006.5,1014
719,884.3,1046,910,762.3,769.7,810.7,1029,1006.5,1014
720,884.7,1046,910.3,763.3,770,811,1029,1006.5,1015
721,885,1046,911,764,770.7,812,1029,1007,1015
722,885.3,1046.7,911.3,764.3,771,812.3,1029.5,1007.5,1015
723,885.7,1046.7,911.7,765.3,771.3,813,1029.5,1007.5,1015
724,886.3,1046.7,912,765.7,772,813.3,1029.5,1008,1015
725,886.7,1046.7,912.7,766.7,772.7,814.3,1029.5,1008,1016
726,886.7,1047,912.7,766.7,773.3,814.7,1029.5,1008,1016
727,887.3,1047,913.3,767.3,774,815,1029.5,1008.5,1016
728,887.7,1047,913.3,768,774.3,815.7,1029.5,1008.5,1016
729,888.3,1047,914,768.7,774.7,816,1029.5,1009,1016
730,888.3,1047.3,914.3,769.3,775.3,817,1029.5,1009,1016
731,889,1047.3,914.7,770,775.7,817.3,1030,1009,1016
732,889.3,1047.3,915,770.3,776.3,817.7,1030,1009.5,1017
733,889.3,1047.7,915.7,771,777,818.7,1030,1010,1017
734,890,1047.7,916,771.3,777.3,818.7,1030,1010,1017
735,890.3,1047.7,916.3,772,778,819.7,1030,1010,1017
736,890.7,1047.7,916.3,772.3,778.3,820,1029.5,1010.5,1017
737,891,1048,917,773.3,778.7,820.7,1029.5,1010.5,1017
738,891.7,1048,917,774,779.7,821.3,1029.5,1010.5,1012
739,891.7,1048,918,774.3,780,821.7,1029.5,1010.5,1012
740,892,1048,918,775.3,780.3,822.3,1029.5,1011,1013
741,892,1048.3,918.7,775.7,781.3,822.3,1029.5,1011.5,1013
742,892.7,1048.3,918.7,776.3,781.7,823.3,1029.5,1011,1013
743,893,1048.3,919.3,776.7,782,824,1029.5,1011.5,1013
744,893.7,1048.3,919.7,777.3,782.7,824.3,1029.5,1011.5,1013
745,894,1048.7,920,778,783,825,1029.5,1012,1013
746,894,1048.7,920.3,778.3,783.7,825,1029.5,1012,1014
747,894.7,1048.7,920.7,779,784.3,826,1029.5,1012.5,1014
748,895,1048.7,921.3,779.7,784.7,826.3,1030,1012.5,1014
749,895.3,1049,921.3,780.3,785,827,1030,1012.5,1014
750,896,1049,921.7,780.7,785.7,827.3,1030,1012.5,1015
751,896,1049,922.3,781.3,786,827.7,1030,1012.5,1015
752,896.7,1049,922.3,782,786.3,828.7,1029.5,1012.5,1015
753,897,1049,923,782.3,787.3,829,1030,1013,1015
754,897,1049.7,923.3,783,787.3,829.7,1030,1013,1015
755,897.3,1049.3,923.7,783.7,788,830,1030,1013,1015
756,898,1049.3,924,784.3,788.7,830.3,1030,1013,1015
757,898.3,1049.7,924,785,789,831,1030,1013.5,1015
758,898.7,1050,924.3,785,789.7,831.3,1030,1013.5,1015
759,899,1050,925,785.7,790,832,1030,1013.5,1016
760,899.3,1050,925.3,786.7,790.7,832.7,1030,1014,1016
761,899.7,1050.3,925.7,787,791.3,833,1030,1014.5,1016
762,900,1050.7,926,787.7,791.7,833.7,1030,1014.5,1016
763,900.3,1050.7,926,788,792.3,834.3,1029.5,1014.5,1016
764,900.7,1050.7,926.7,788.7,792.3,834.7,1029,1014.5,1017
765,900.7,1050.7,927,788.7,793.3,835.3,1029,1015,1017
766,901.3,1050.7,927.3,789.7,793.7,835.3,1029,1015,1017
767,901.7,1051,928,790.3,794,836.3,1028,1015,1017
768,902.3,1051,927.7,790.7,794.3,836.3,,1015,1017
769,902.3,1051,928.7,791,795,837.3,,1015,1018
770,902.7,1051,928.7,791.7,795.7,837.3,,1015.5,1018
771,902.7,1051,929,792.7,795.7,838,,1015.5,1018
772,903.7,1051.3,929.3,793,796.7,838.7,,1015.5,1018
773,903.7,1051.3,929.7,793.7,796.7,839,,1015.5,1018
774,903.7,1051.3,930,794,797.3,839.7,,1016,1018
775,904.7,1051.7,930.7,794.7,798.3,840,,1016,1018
776,904.7,1051.7,931,795.3,798.3,840.7,,1016,1018
777,904.7,1051.7,931.3,795.7,799,841,,1016,1019
778,905.7,1051.7,931.3,796.3,799,841.7,,1017,1019
779,905.7,1051.7,931.7,796.7,800,841.7,,1017,1019
780,905.7,1052,932,797.3,800.7,842.7,,1017,1019
781,906.7,1052,932.7,798,800.7,843,,1017,1019
782,906.7,1052,933,798.3,801.3,843.3,,1017,1019
783,907,1052,933,798.7,801.7,844.3,,1017,1020
784,907.7,1052,933.3,799.3,802.3,844.7,,1017,1020
785,907.7,1052,933.7,799.7,802.7,845,,1017.5,1020
786,907.7,1052.3,934,800.3,803.3,845.3,,1017.5,1020
787,908.3,1052.7,934.3,801.3,803.7,845.7,,1017.5,1020
788,908.3,1052.3,934.7,801.3,804,846.7,,1018,1020
789,908.7,1052.3,935,802.3,804.7,846.7,,1018,1020
790,909.3,1052.7,935.3,802.3,805,847.3,,1018,1021
791,909.3,1053,935.7,803.3,805.7,847.7,,1018,1021
792,910,1053,935.7,803.3,805.7,848.3,,1018,1021
793,910.3,1053,936.3,804.3,806.7,848.7,,1018.5,1021
794,910.3,1053,936.3,804.3,806.7,849.3,,1019,1021
795,911,1053,936.3,805,807.3,850,,1019,1022
796,911,1053.3,937,805.3,808,850,,1019,1022
797,911.3,1053.3,937,806.3,808.3,851,,1019,1022
798,912,1053.3,937.7,806.3,808.7,851,,1019,1022
799,912,1053.7,937.7,807.3,809,851.7,,1019,1022
800,912.3,1053.7,938,807.7,810,852,,1019.5,1022
801,912.3,1054,938,808.3,810,852.7,,1019.5,1022
802,913,1054,938.3,808.7,810.7,852.7,,1019.5,1022
803,913.3,1054,938.7,809.3,810.7,853.7,,1019.5,1023
804,913.3,1054,938.7,809.7,811.7,854,,1019.5,1023
805,914,1054,939.3,810.3,812,854.7,,1020.5,1023
806,914.3,1054,939.3,811,812.3,854.7,,1020.5,1023
807,914.7,1054.3,939.3,811.3,812.7,855.3,,1020.5,1023
808,915,1054.3,940,811.7,813.3,856,,1020.5,1023
809,915,1054.3,940,812.3,814,856.3,,1020.5,1024
810,915.3,1071.5,940.3,812.7,814,856.7,,1021,1024
811,915.7,1071.5,940.7,813.3,815,857,,1021,1024
812,916,1072,940.7,814,815,857.7,,1021,1024
813,916.3,1072,941.3,814.3,815.3,858,,1021,1024
814,916.7,1072,941.3,814.7,815.7,858.3,,1021,1024
815,916.7,1072,941.7,815.3,816.7,859,,1021,1024
816,917.3,1072,942,815.7,816.7,859.3,,1021.5,1024
817,917.3,1072,942,816.7,817.3,859.7,,1021.5,1024
818,917.7,1072,942.3,816.7,817.7,860.3,,1021.5,1024
819,918,1072,942.3,817.3,818,860.7,,1021.5,1024
820,918.3,1072.5,942.7,817.7,819,861.3,,1022,1024
821,918.7,1072.5,943,818.3,819,861.7,,1022,1025
822,919,1072.5,943.3,819,819.7,862,,1022,1025
823,919.3,1073,943.7,819,820,862.7,,1022,1025
824,919.7,1073,943.7,819.7,820.7,863,,1022,1025
825,920,1073,944,820.3,820.7,863.7,,1022,1025
826,920,1073,944.3,820.7,821.3,864,,1022,1025
827,920.3,1073,944.3,821.3,821.3,864.7,,1022.5,1025
828,920.7,1073,945,821.7,822.3,864.7,,1022.5,1026
829,921,1073,945,822.3,822.3,865.3,,1022.5,1026
830,921.3,1073,945.3,822.7,823,865.7,,1022.5,1026
831,921.7,1073,945.7,823,823.3,866.3,,1022.5,1026
832,922,1073,945.7,823.7,824,866.3,,1022.5,1026
833,922,1073,946,824,824,867.3,,1022.5,1026
834,922.3,1073,946,824.3,824.7,867.3,,1023,1026
835,922.7,1073,946.7,825,825,867.7,,1023,1026
836,923,1073,946.7,825.3,825.7,868.3,,1023,1026
837,923.3,1073,946.7,826.3,826.3,868.7,,1023,1026
838,923.3,1073,947,826.3,826.3,869,,1023.5,1027
839,924,1073,947.3,827.3,826.3,869.7,,1023.5,1027
840,924,1073,947.3,827.3,827.3,870,,1023.5,1027
841,924,1073,947.7,828,828,870.3,,1023.5,1027
842,924.7,1073,948,828.3,828,871,,1023.5,1027
843,925,1073,948.3,828.7,828.7,871.3,,1023.5,1027
844,925,1073,948.3,829.3,829,871.7,,1023.5,1027
845,925.7,1073,948.7,829.7,829.7,872,,1023.5,1027
846,926,1073,948.7,830.3,829.7,872.7,,1024,1027
847,926,1073,949,830.3,830.3,873,,1024,1027
848,926.3,1073,949,831.3,830.3,873.3,,1024,1027
849,926.7,1073,949.7,831.7,831.3,874,,1024,1027
850,927,1073,949.7,832,831.3,874,,1024,1027
851,927,1073,949.7,832.3,832,874.7,,1024,1027
852,927.3,1073,950.3,833,832,874.7,,1024,1027
853,927.7,1073,950.3,833.3,833,875.7,,1024,1028
854,928,1073,950.7,833.7,833,875.7,,1024.5,1028
855,928,1073,950.7,834.3,833.7,876.3,,1024.5,1028
856,928.7,1073,951,835,833.7,876.7,,1024.5,1028
857,928.7,1073,951,835.3,834.3,877.3,,1024.5,1028
858,929,1073,951.3,835.7,834.7,877.3,,1024.5,1028
859,929.7,1073,951.7,835.7,835.3,878.3,,1024.5,1028
860,929.7,1073,952,837,835.3,878.3,,1024.5,1028
861,929.7,1073,952.3,837,836,879,,1024.5,1028
862,930,1073,952.3,837.7,836,879,,1024.5,1028
863,930.7,1073,952.7,838,837,879.3,,1024.5,1028
864,930.7,1073,952.7,838.3,837,880,,1024.5,1028
865,930.7,1073,953,838.7,837.7,880,,1024.5,1028
866,931,1073,953.3,839.3,837.7,880.7,,1024.5,1028
867,931.7,1073,953.3,840,838.3,881,,1024.5,1028
868,931.7,1073,954,840.3,838.7,881.7,,1024.5,1028
869,931.7,1073,954,840.7,839.3,881.7,,1025,1028
870,932.3,1073,954,841.3,839.3,882.7,,1025,1028
871,932.7,1073,954.3,841.3,840,882.7,,1025,1028
872,932.7,1073,954.3,842,840,883.3,,1025,1028
873,933,1073.5,954.7,842.3,841,883.7,,1025,1028
874,933.3,1073.5,955,843,841,884,,1025,1028
875,933.7,1073.5,955,843.3,841.7,884.3,,1029,1028
876,933.7,1073.5,955.3,843.3,841.7,884.7,,1029,1028
877,934,1073.5,955.3,844.3,842.7,885.3,,1029,1028
878,934.3,1073.5,955.7,844.3,842.7,885.7,,1029,1028
879,934.7,1073.5,955.7,845.3,843.3,886,,1029,1028
880,934.7,1073.5,956,845.3,843.3,886.3,,1029,1028
881,934.7,1073.5,956.3,845.7,843.7,887,,1029,1029
882,935.3,1073.5,956.3,846.3,844,887.3,,1029,1029
883,935.7,1073.5,956.7,846.7,844.7,887.3,,1029,1029
884,935.7,1073.5,957,847,845,888.3,,1029,1029
885,936,1073.5,957,847.7,845.7,888.3,,1029,1029
886,936.3,1073.5,957,848,845.7,889,,1029,1029
887,936.3,1073.5,957.7,848.3,846,889,,1030,1029
888,937,1073.5,957.7,849,846.7,889.3,,1030,1029
889,937,1073.5,958,849,847,890,,1030,1029
890,937.3,1073.5,958,850,847.3,890,,1030,1029
891,937.3,1073.5,958.3,850,847.7,890.7,,1030,1029
892,937.7,1073.5,958.3,850.7,848,891,,1030,1029
893,938,1073.5,958.7,851,848.3,891.7,,1030,1029
894,938.3,1073.5,958.7,851.7,849,891.7,,1030,1029
895,938.3,1073.5,959.3,852,849,891.7,,1030,1029
896,938.7,1073.5,959.3,852,849.7,892.7,,1030,1029
897,939,1073.5,959.3,853,849.7,892.7,,1030,1029
898,939.3,1073.5,959.7,853,850,893.3,,1030,1029
899,939.3,1073.5,960,853.3,850.7,893.3,,1031,1029
900,939.3,1073.5,960,854,851.3,894,,1031,1029
901,939.7,1073.5,960,854.3,851.3,894.3,,1031,1029
902,940,1073.5,960.7,854.7,852,894.7,,1031,1029
903,940.3,1074,960.7,855.3,852,895,,1031,1029
904,940.3,1074,960.7,855.7,852.7,895.7,,1031,1029
905,940.7,1074,961,856,853,896,,1031,1029
906,941,1074,961,856.3,853.3,896.3,,1031,1029
907,941.3,1074,961.3,856.7,853.7,896.3,,1031,1029
908,941.3,1074,961.7,857.3,854,897,,1031,1030
909,941.7,1074,961.7,857.7,854.3,897.3,,1031,1030
910,942,1074,962,858,855,897.3,,1031,1030
911,942,1073.5,962.3,858.7,855.3,898,,1031,1030
912,942.3,1073.5,962.3,859,855.3,898.3,,1031,1030
913,942.3,,962.3,859,855.7,899,,1031,1030
914,943,,962.3,859.7,856.3,899,,1031,1030
915,943,,963,860,856.3,899.3,,1031,1030
916,943.3,,963,860.7,857,900,,1032,1030
917,943.7,,963.3,861,857.3,900,,1032,1030
918,944,,963.3,861,857.7,900.7,,1032,1030
919,944,,963.7,862,858,900.7,,1032,1030
920,944,,963.7,862,858.3,901.7,,1032,1030
921,944.3,,963.7,862.3,858.7,901.7,,1032,1030
922,945,,964,863,859.3,902,,1032,1030
923,945,,964.3,863,859.7,902.3,,1032,1030
924,945,,964.3,863.7,860,902.7,,1032,1030
925,945,,964.7,864,860,903.3,,1032,1032
926,946,,964.7,864,860.7,903.3,,1032,
927,946,,965,864.7,861,903.7,,1032,
928,946,,965.3,865.3,861.3,904,,1032,
929,946,,965.3,865.7,861.7,904.7,,1032,
930,946.7,,965.3,865.7,862,905,,1032,
931,946.7,,965.3,866.7,862.3,905,,1032,
932,947,,966,866.7,862.7,905.3,,1032,
933,947,,966,866.7,863,906,,1032,
934,947.3,,966,867.7,863.3,906.3,,1032,
935,947.7,,966,867.7,864,906.3,,1032,
936,948,,966.7,868,864,906.7,,1032,
937,948,,966.7,868.7,864.3,907.3,,1032,
938,948,,966.7,869,864.7,907.7,,1032,
939,948.7,,967,869.3,865,908,,1032,
940,948.7,,967,870,865.7,908,,1032,
941,948.7,,967.3,870.3,866,909,,1032,
942,949,,967.7,870.7,866,909,,1032,
943,949.3,,967.7,870.7,866.3,909.3,,1032,
944,949.7,,968,871.3,866.7,909.7,,1032,
945,949.7,,968.3,871.7,867,909.7,,1032,
946,950,,968.3,872,867.7,910.7,,1032,
947,950,,968.3,872.3,868,910.7,,1032,
948,950.3,,968.3,872.7,868.3,911,,1032,
949,950.7,,968.7,873.3,868.7,911.3,,1032,
950,950.7,,969,873.3,868.7,911.7,,1032,
951,951,,968.7,874,869,912.3,,1032,
952,951,,951.5,874.3,869.3,912.3,,1032,
953,951.7,,952,874.7,869.7,912.3,,1032,
954,951.7,,952,874.7,870.3,913,,1032,
955,951.7,,952.5,875.7,870.7,913,,1032,
956,952,,953,875.7,870.7,913.7,,1032,
957,952.3,,953,875.7,871,914,,1032,
958,952.7,,953,876.7,871.3,914,,1032,
959,952.7,,953.5,876.7,871.7,914.7,,1032,
960,953,,954,877.3,871.7,915,,1032,
961,953,,954,877.7,872.3,915.3,,1032,
962,953.3,,954,877.7,872.7,915.7,,1032,
963,953.7,,954,878,873,916,,1032,
964,953.7,,955,878.7,873.3,916.3,,1032,
965,953.7,,955,879,873.7,916.7,,1032,
966,953.7,,955,879.3,874,917,,,
967,954.7,,955,879.7,874.3,917,,,
968,954.7,,955,880.3,874.7,917.3,,,
969,954.7,,955.5,880.3,875,917.7,,,
970,954.7,,956,880.3,875,918.3,,,
971,954.7,,956,881.3,875.3,918.7,,,
972,955,,956.5,881.3,876,918.7,,,
973,955.7,,956.5,881.3,876.3,919,,,
974,955.7,,957,882.3,876.7,919.7,,,
975,955.7,,957,882.3,876.7,919.7,,,
976,956,,957.5,883,877,920.3,,,
977,956.3,,957.5,883.3,877.3,920.3,,,
978,956.3,,957.5,883.3,877.7,920.3,,,
979,956.7,,957.5,883.7,878,921,,,
980,956.7,,958.5,884.3,878,921.3,,,
981,957,,958.5,885,878.3,921.7,,,
982,957,,958.5,885,878.7,922,,,
983,957.3,,959,885,879,922,,,
984,957.3,,959.5,886,879.3,922.7,,,
985,957.7,,959.5,886,879.3,923,,,
986,957.7,,959.5,886.3,880,923.3,,,
987,958.3,,959.5,886.7,880,923.3,,,
988,958.3,,959.5,887,880.7,923.7,,,
989,958.7,,960,887,881,924,,,
990,958.7,,960.5,887.7,880.7,924.7,,,
991,959,,961,888,881,924.7,,,
992,959.3,,961,888.3,881.3,925,,,
993,959.3,,961,888.3,881.7,925.3,,,
994,959.3,,961,889,882.3,925.7,,,
995,959.3,,961.5,889.3,882.3,926,,,
996,959.7,,962,889.7,883,926.3,,,
997,960.3,,962,890,883,926.7,,,
998,960,,962,890.3,883.7,926.7,,,
999,960.3,,962,890.3,883.7,927,,,
1000,960.3,,963,891,883.7,927,,,
