Time (min) ,F11_T5,F12_T6,F13_T7,F21_T1,F22_T2,F23_T13,F31_T18,F32_T19,F33_T20,F34_T17
1,40,31.7,35,41.7,0,23.3,0,0,0,50
2,50,50,50,50,41.7,48.3,50,50,35,121.7
3,76.7,68.3,71.7,61.7,61.7,53.3,65,95,75,235
4,113.3,105,108.3,83.3,80,78.3,130,145,120,348.3
5,150,140,143.3,103.3,103.3,108.3,196.7,195,160,460
6,185,175,180,121.7,123.3,135,260,245,200,570
7,221.7,210,215,143.3,146.7,163.3,323.3,295,240,680
8,256.7,246.7,251.7,161.7,168.3,193.3,386.7,345,280,790
9,291.7,281.7,286.7,183.3,190,220,451.7,390,320,898.3
10,328.3,318.3,323.3,203.3,210,246.7,513.3,440,360,1005
11,363.3,350,356.7,223.3,235,273.3,573.3,485,400,1111.7
12,398.3,385,391.7,243.3,256.7,301.7,635,535,435,1216.7
13,435,421.7,426.7,261.7,276.7,328.3,698.3,580,475,1321.7
14,466.7,455,460,281.7,300,355,756.7,735,515,1425
15,501.7,488.3,495,301.7,320,381.7,818.3,795,555,1526.7
16,536.7,521.7,530,320,341.7,408.3,876.7,845,590,1628.3
17,570,556.7,561.7,338.3,361.7,435,936.7,895,630,1728.3
18,605,588.3,596.7,358.3,383.3,460,995,940,665,1826.7
19,638.3,623.3,628.3,376.7,405,486.7,1053.3,985,705,1926.7
20,671.7,655,661.7,396.7,426.7,513.3,1113.3,1030,740,2025
21,705,690,695,416.7,448.3,540,1170,1075,780,2123.3
22,738.3,721.7,728.3,433.3,468.3,565,1226.7,1120,815,2218.3
23,771.7,753.3,758.3,453.3,488.3,590,1285,1165,850,2313.3
24,801.7,788.3,793.3,471.7,510,615,1340,1210,885,2408.3
25,836.7,818.3,825,490,530,640,1396.7,1250,920,2501.7
26,868.3,850,856.7,508.3,550,665,1451.7,1295,960,2595
27,900,881.7,888.3,526.7,571.7,691.7,1505,1340,995,2686.7
28,931.7,913.3,920,545,591.7,716.7,1560,1380,1030,2778.3
29,963.3,945,951.7,565,610,741.7,1615,1425,1065,2868.3
30,995,976.7,983.3,581.7,630,765,1670,1465,1100,2958.3
31,1026.7,1006.7,1013.3,600,651.7,790,1721.7,1510,1135,3046.7
32,1058.3,1038.3,1046.7,618.3,671.7,815,1776.7,1550,1170,3135
33,1088.3,1068.3,1088.3,636.7,691.7,840,1830,1590,1205,3225
34,1118.3,1100,1118.3,655,710,865,1881.7,1630,1235,3311.7
35,1150,1130,1146.7,671.7,731.7,888.3,1935,1675,1270,3396.7
36,1181.7,1161.7,1178.3,691.7,751.7,911.7,1986.7,1715,1305,3481.7
37,1210,1191.7,1208.3,710,770,936.7,2036.7,1755,1340,3566.7
38,1241.7,1221.7,1238.3,726.7,796.7,961.7,2088.3,1795,1370,3650
39,1270,1251.7,1268.3,745,815,985,2138.3,1835,1405,3735
40,1301.7,1283.3,1296.7,763.3,835,1008.3,2190,1875,1435,3816.7
41,1331.7,1311.7,1326.7,780,853.3,1031.7,2240,1915,1470,3898.3
42,1360,1341.7,1356.7,796.7,875,1055,2290,1955,1505,3980
43,1391.7,1371.7,1386.7,815,895,1078.3,2340,1995,1535,4060
44,1420,1398.3,1415,831.7,913.3,1101.7,2388.3,2035,1570,4138.3
45,1448.3,1428.3,1445,851.7,931.7,1126.7,2438.3,2075,1600,4218.3
46,1476.7,1460,1473.3,868.3,951.7,1148.3,2485,2110,1630,4295
47,1506.7,1486.7,1501.7,885,970,1171.7,2533.3,2150,1665,4373.3
48,1535,1516.7,1530,901.7,988.3,1195,2583.3,2190,1695,4450
49,1563.3,1545,1556.7,920,1008.3,1218.3,2630,2225,1725,4526.7
50,1591.7,1573.3,1586.7,935,1026.7,1241.7,2678.3,2265,1760,4601.7
51,1620,1600,1613.3,953.3,1045,1265,2725,2305,1790,4676.7
52,1650,1628.3,1643.3,971.7,1063.3,1286.7,2771.7,2340,1820,4751.7
53,1678.3,1656.7,1671.7,988.3,1083.3,1310,2818.3,2375,1850,4825
54,1705,1686.7,1698.3,1005,1101.7,1333.3,2866.7,2415,1880,4898.3
55,1733.3,1713.3,1725,1021.7,1120,1353.3,2910,2450,1915,4970
56,1761.7,1740,1753.3,1040,1138.3,1375,2956.7,2490,1940,5040
57,1788.3,1768.3,1780,1055,1156.7,1398.3,3000,2525,1975,5110
58,1815,1795,1808.3,1071.7,1175,1421.7,3048.3,2560,2005,5180
59,1843.3,1825,1835,1090,1193.3,1441.7,3091.7,2595,2030,5250
60,1870,1850,1860,1105,1211.7,1463.3,3136.7,2635,2060,5318.3
61,1896.7,1876.7,1890,1121.7,1230,1486.7,3181.7,2670,2090,5385
62,1925,1906.7,1915,1138.3,1248.3,1506.7,3226.7,2705,2120,5451.7
63,1951.7,1931.7,1941.7,1155,1266.7,1530,3270,2740,2150,5518.3
64,1978.3,1958.3,1966.7,1171.7,1283.3,1551.7,3313.3,2775,2180,5583.3
65,2003.3,1985,1991.7,1188.3,1300,1571.7,3355,2810,2210,5648.3
66,2030,2011.7,2020,1205,1318.3,1593.3,3398.3,2845,2240,5711.7
67,2056.7,2038.3,2046.7,1220,1336.7,1615,3440,2880,2270,5776.7
68,2083.3,2063.3,2071.7,1236.7,1355,1636.7,3483.3,2915,2295,5838.3
69,2110,2090,2098.3,1251.7,1373.3,1658.3,3525,2945,2325,5900
70,2136.7,2115,2123.3,1270,1390,1678.3,3568.3,2980,2350,5961.7
71,2160,2141.7,2150,1285,1408.3,1700,3610,3015,2380,6021.7
72,2186.7,2166.7,2175,1301.7,1425,1720,3651.7,3050,2410,6081.7
73,2211.7,2193.3,2200,1316.7,1441.7,1740,3691.7,3080,2435,6140
74,2238.3,2220,2225,1333.3,1460,1761.7,3735,3115,2465,6200
75,2263.3,2245,2250,1350,1476.7,1781.7,3773.3,3150,2495,6256.7
76,2288.3,2270,2275,1366.7,1493.3,1803.3,3815,3180,2520,6313.3
77,2313.3,2295,2300,1381.7,1511.7,1823.3,3856.7,3215,2550,6370
78,2338.3,2316.7,2325,1396.7,1528.3,1843.3,3895,3250,2575,6425
79,2363.3,2343.3,2350,1411.7,1545,1865,3935,3280,2600,6480
80,2386.7,2368.3,2373.3,1426.7,1563.3,1885,3975,3315,2630,6535
81,2411.7,2393.3,2396.7,1441.7,1580,1905,4015,3345,2655,6588.3
82,2436.7,2418.3,2421.7,1460,1596.7,1923.3,4053.3,3375,2685,6641.7
83,2461.7,2441.7,2446.7,1475,1615,1943.3,4091.7,3410,2710,6695
84,2485,2466.7,2470,1491.7,1630,1963.3,4131.7,3440,2735,6745
85,2510,2490,2495,1506.7,1646.7,1983.3,4168.3,3470,2765,6798.3
86,2533.3,2515,2518.3,1521.7,1665,2005,4206.7,3500,2790,6846.7
87,2558.3,2538.3,2541.7,1538.3,1681.7,2025,4245,3535,2815,6896.7
88,2581.7,2563.3,2566.7,1551.7,1698.3,2043.3,4283.3,3565,2845,6945
89,2606.7,2586.7,2588.3,1566.7,1713.3,2061.7,4320,3595,2870,6995
90,2630,2610,2611.7,1583.3,1731.7,2081.7,4358.3,3625,2895,7041.7
91,2653.3,2635,2636.7,1598.3,1748.3,2103.3,4395,3655,2920,7090
92,2676.7,2656.7,2658.3,1613.3,1765,2121.7,4431.7,3690,2945,7135
93,2700,2680,2683.3,1626.7,1780,2141.7,4468.3,3720,2970,7181.7
94,2725,2703.3,2703.3,1643.3,1796.7,2160,4505,3750,3000,7226.7
95,2746.7,2726.7,2728.3,1658.3,1811.7,2180,4541.7,3780,3025,7273.3
96,2770,2750,2750,1673.3,1830,2198.3,4576.7,3810,3050,7316.7
97,2793.3,2773.3,2775,1688.3,1846.7,2218.3,4613.3,3835,3075,7360
98,2815,2795,2795,1703.3,1863.3,2236.7,4648.3,3865,3100,7405
99,2838.3,2818.3,2820,1718.3,1878.3,2255,4685,3895,3125,7446.7
100,2860,2841.7,2840,1733.3,1893.3,2275,4720,3925,3150,7488.3
101,2883.3,2865,2863.3,1748.3,1910,2293.3,4755,3955,3175,7530
102,2905,2886.7,2886.7,1763.3,1925,2311.7,4790,3985,3200,7570
103,2928.3,2910,2906.7,1778.3,1941.7,2330,4823.3,4015,3225,7611.7
104,2950,2931.7,2930,1793.3,1956.7,2350,4858.3,4040,3245,7651.7
105,2971.7,2953.3,2951.7,1808.3,1971.7,2366.7,4893.3,4070,3270,7690
106,2995,2976.7,2973.3,1821.7,1990,2386.7,4926.7,4100,3295,7728.3
107,3016.7,2998.3,2995,1836.7,2006.7,2405,4961.7,4125,3320,7766.7
108,3038.3,3020,3016.7,1850,2021.7,2423.3,4993.3,4155,3345,7805
109,3060,3043.3,3038.3,1865,2038.3,2440,5028.3,4185,3370,7841.7
110,3081.7,3063.3,3060,1880,2053.3,2458.3,5061.7,4210,3390,7878.3
111,3103.3,3085,3081.7,1895,2068.3,2476.7,5093.3,4240,3415,7913.3
112,3125,3108.3,3101.7,1910,2085,2495,5128.3,4265,3440,7950
113,3146.7,3130,3123.3,1923.3,2100,2513.3,5160,4295,3465,7985
114,3166.7,3150,3143.3,1938.3,2115,2530,5191.7,4320,3485,8018.3
115,3188.3,3171.7,3165,1951.7,2130,2548.3,5225,4350,3510,8053.3
116,3210,3193.3,3186.7,1965,2146.7,2566.7,5256.7,4375,3535,8086.7
117,3231.7,3213.3,3208.3,1980,2160,2583.3,5290,4400,3555,8120
118,3253.3,3235,3228.3,1995,2175,2603.3,5323.3,4430,3580,8151.7
119,3273.3,3256.7,3248.3,2008.3,2190,2618.3,5355,4455,3600,8185
120,3293.3,3276.7,3270,2023.3,2205,2636.7,5385,4480,3625,8215
121,3315,3296.7,3290,2036.7,2220,2655,5416.7,4510,3645,8246.7
122,3336.7,3318.3,3310,2050,2235,2670,5448.3,4535,3670,8278.3
123,3356.7,3338.3,3330,2065,2250,2690,5478.3,4560,3690,8306.7
124,3376.7,3360,3350,2080,2265,2706.7,5510,4585,3715,8338.3
125,3398.3,3380,3370,2091.7,2281.7,2721.7,5538.3,4615,3735,8368.3
126,3418.3,3401.7,3390,2106.7,2296.7,2740,5571.7,4640,3760,8396.7
127,3438.3,3421.7,3411.7,2120,2310,2756.7,5601.7,4665,3780,8425
128,3458.3,3441.7,3431.7,2135,2325,2773.3,5631.7,4690,3805,8455
129,3478.3,3461.7,3450,2146.7,2340,2793.3,5661.7,4715,3825,8480
130,3496.7,3480,3468.3,2161.7,2353.3,2808.3,5690,4740,3850,8506.7
131,3518.3,3500,3488.3,2176.7,2368.3,2825,5720,4765,3870,8535
132,3538.3,3520,3508.3,2188.3,2385,2841.7,5750,4790,3890,8560
133,3558.3,3540,3528.3,2203.3,2398.3,2860,5778.3,4815,3915,8588.3
134,3576.7,3558.3,3548.3,2216.7,2413.3,2875,5808.3,4840,3935,8611.7
135,3598.3,3578.3,3568.3,2231.7,2428.3,2891.7,5838.3,4865,3955,8640
136,3616.7,3598.3,3585,2243.3,2441.7,2908.3,5866.7,4890,3975,8663.3
137,3638.3,3616.7,3605,2256.7,2456.7,2926.7,5895,4915,4000,8688.3
138,3655,3636.7,3623.3,2270,2470,2941.7,5923.3,4940,4020,8711.7
139,3675,3656.7,3643.3,2283.3,2485,2958.3,5953.3,4965,4040,8735
140,3693.3,3676.7,3660,2296.7,2500,2973.3,5980,4985,4060,8758.3
141,3713.3,3695,3680,2310,2513.3,2993.3,6006.7,5010,4080,8781.7
142,3731.7,3713.3,3698.3,2323.3,2526.7,3008.3,6036.7,5035,4105,8806.7
143,3751.7,3733.3,3718.3,2338.3,2541.7,3025,6063.3,5055,4125,8828.3
144,3768.3,3753.3,3736.7,2348.3,2556.7,3040,6091.7,5080,4145,8848.3
145,3790,3770,3753.3,2363.3,2568.3,3055,6120,5105,4165,8871.7
146,3806.7,3788.3,3771.7,2376.7,2583.3,3071.7,6145,5130,4185,8893.3
147,3826.7,3808.3,3791.7,2390,2598.3,3086.7,6173.3,5150,4205,8915
148,3845,3828.3,3810,2403.3,2613.3,3101.7,6198.3,5175,4225,8935
149,3863.3,3845,3826.7,2416.7,2625,3121.7,6228.3,5200,4245,8956.7
150,3883.3,3863.3,3846.7,2428.3,2640,3135,6253.3,5220,4265,8975
151,3901.7,3883.3,3863.3,2443.3,2655,3151.7,6280,5245,4290,8995
152,3920,3900,3883.3,2455,2668.3,3168.3,6306.7,5265,4310,9015
153,3936.7,3918.3,3900,2470,2681.7,3183.3,6331.7,5290,4325,9036.7
154,3956.7,3936.7,3916.7,2480,2695,3198.3,6358.3,5310,4345,9055
155,3973.3,3955,3936.7,2495,2708.3,3213.3,6383.3,5330,4365,9073.3
156,3991.7,3973.3,3951.7,2506.7,2721.7,3230,6408.3,5355,4385,9091.7
157,4010,3990,3971.7,2521.7,2736.7,3245,6436.7,5375,4405,9108.3
158,4028.3,4008.3,3986.7,2531.7,2750,3260,6461.7,5400,4425,9126.7
159,4045,4025,4005,2545,2763.3,3275,6486.7,5420,4445,9145
160,4065,4045,4023.3,2560,2778.3,3290,6513.3,5445,4465,9163.3
161,4081.7,4061.7,4040,2571.7,2791.7,3306.7,6536.7,5465,4485,9178.3
162,4098.3,4080,4058.3,2585,2803.3,3320,6561.7,5485,4505,9196.7
163,4116.7,4096.7,4073.3,2596.7,2816.7,3335,6586.7,5510,4525,9211.7
164,4133.3,4113.3,4093.3,2610,2830,3350,6611.7,5530,4540,9230
165,4151.7,4131.7,4108.3,2621.7,2845,3365,6636.7,5550,4560,9245
166,4168.3,4148.3,4125,2635,2858.3,3381.7,6660,5570,4580,9261.7
167,4188.3,4166.7,4143.3,2648.3,2871.7,3396.7,6685,5590,4600,9276.7
168,4203.3,4183.3,4158.3,2658.3,2885,3411.7,6710,5615,4620,9293.3
169,4220,4200,4175,2671.7,2896.7,3426.7,6733.3,5635,4635,9308.3
170,4238.3,4216.7,4193.3,2685,2910,3441.7,6756.7,5655,4655,9323.3
171,4253.3,4235,4210,2696.7,2925,3455,6781.7,5675,4675,9338.3
172,4271.7,4250,4225,2708.3,2938.3,3470,6805,5695,4695,9353.3
173,4288.3,4268.3,4243.3,2723.3,2950,3485,6826.7,5715,4710,9366.7
174,4305,4285,4260,2733.3,2963.3,3498.3,6851.7,5735,4730,9380
175,4321.7,4300,4275,2746.7,2976.7,3513.3,6873.3,5760,4750,9395
176,4338.3,4316.7,4291.7,2758.3,2990,3528.3,6898.3,5780,4765,9408.3
177,4355,4335,4306.7,2770,3001.7,3543.3,6918.3,5800,4785,9421.7
178,4371.7,4350,4323.3,2783.3,3015,3558.3,6941.7,5820,4805,9435
179,4388.3,4366.7,4341.7,2795,3028.3,3571.7,6965,5840,4820,9448.3
180,4405,4381.7,4356.7,2808.3,3041.7,3585,6988.3,5855,4840,9461.7
181,4420,4398.3,4371.7,2818.3,3053.3,3600,7010,5875,4855,9475
182,4436.7,4416.7,4386.7,2831.7,3065,3615,7033.3,5895,4875,9486.7
183,4453.3,4431.7,4403.3,2845,3080,3628.3,7053.3,5915,4890,9498.3
184,4470,4446.7,4418.3,2855,3090,3643.3,7076.7,5935,4910,9511.7
185,4485,4463.3,4435,2870,3105,3656.7,7098.3,5955,4925,9525
186,4500,4481.7,4450,2880,3116.7,3671.7,7120,5975,4945,9535
187,4516.7,4496.7,4466.7,2891.7,3130,3686.7,7141.7,5995,4960,9548.3
188,4533.3,4511.7,4483.3,2903.3,3141.7,3698.3,7163.3,6010,4980,9558.3
189,4548.3,4526.7,4498.3,2916.7,3155,3713.3,7183.3,6030,4995,9570
190,4565,4541.7,4513.3,2926.7,3166.7,3728.3,7206.7,6050,5015,9581.7
191,4581.7,4558.3,4528.3,2940,3178.3,3740,7228.3,6070,5030,9591.7
192,4596.7,4575,4543.3,2950,3193.3,3753.3,7248.3,6090,5050,9603.3
193,4611.7,4590,4558.3,2963.3,3203.3,3768.3,7268.3,6105,5065,9615
194,4628.3,4606.7,4573.3,2975,3218.3,3783.3,7290,6125,5085,9623.3
195,4643.3,4621.7,4590,2986.7,3228.3,3795,7311.7,6145,5100,9635
196,4658.3,4636.7,4605,2996.7,3241.7,3810,7330,6160,5115,9646.7
197,4673.3,4651.7,4620,3011.7,3255,3823.3,7350,6180,5135,9655
198,4690,4665,4635,3021.7,3265,3835,7371.7,6200,5150,9665
199,4705,4680,4650,3033.3,3280,3850,7390,6215,5165,9673.3
200,4720,4696.7,4663.3,3043.3,3290,3865,7410,6235,5185,9685
201,4736.7,4710,4676.7,3058.3,3301.7,3876.7,7430,6250,5200,9693.3
202,4751.7,4725,4691.7,3068.3,3315,3890,7450,6270,5215,9703.3
203,4765,4741.7,4706.7,3080,3326.7,3903.3,7468.3,6290,5235,9711.7
204,4780,4755,4721.7,3090,3336.7,3916.7,7488.3,6305,5250,9721.7
205,4795,4770,4736.7,3101.7,3351.7,3930,7508.3,6325,5265,9730
206,4810,4785,4751.7,3113.3,3361.7,3941.7,7526.7,6340,5280,9738.3
207,4825,4800,4766.7,3125,3373.3,3956.7,7546.7,6360,5300,9748.3
208,4841.7,4815,4780,3136.7,3388.3,3970,7565,6375,5315,9756.7
209,4856.7,4830,4793.3,3148.3,3398.3,3981.7,7583.3,6395,5330,9765
210,4868.3,4845,4808.3,3158.3,3411.7,3995,7603.3,6410,5345,9771.7
211,4883.3,4856.7,4823.3,3170,3421.7,4008.3,7620,6430,5365,9780
212,4898.3,4871.7,4836.7,3180,3433.3,4020,7640,6445,5380,9786.7
213,4913.3,4886.7,4850,3195,3445,4033.3,7658.3,6460,5395,9793.3
214,4928.3,4901.7,4863.3,3205,3456.7,4048.3,7676.7,6480,5410,9796.7
215,4941.7,4916.7,4878.3,3215,3468.3,4058.3,7695,6495,5425,9803.3
216,4956.7,4931.7,4893.3,3226.7,3480,4073.3,7711.7,6510,5440,9810
217,4971.7,4943.3,4905,3236.7,3493.3,4085,7730,6530,5455,9815
218,4985,4956.7,4920,3246.7,3503.3,4098.3,7750,6545,5475,9820
219,4998.3,4971.7,4933.3,3260,3516.7,4111.7,7766.7,6560,5490,9825
220,5013.3,4985,4948.3,3270,3526.7,4123.3,7783.3,6580,5505,9831.7
221,5028.3,5000,4960,3281.7,3538.3,4136.7,7801.7,6595,5520,9836.7
222,5041.7,5011.7,4975,3293.3,3550,4148.3,7816.7,6610,5535,9841.7
223,5055,5026.7,4988.3,3303.3,3561.7,4161.7,7835,6625,5550,9848.3
224,5068.3,5040,5000,3313.3,3573.3,4175,7851.7,6645,5565,9851.7
225,5081.7,5055,5015,3326.7,3585,4185,7868.3,6660,5580,9858.3
226,5096.7,5066.7,5028.3,3336.7,3596.7,4198.3,7885,6675,5595,9861.7
227,5111.7,5081.7,5040,3346.7,3606.7,4210,7903.3,6690,5610,9866.7
228,5123.3,5095,5055,3358.3,3616.7,4223.3,7918.3,6705,5625,9871.7
229,5136.7,5108.3,5068.3,3368.3,3630,4235,7935,6725,5640,9876.7
230,5151.7,5121.7,5081.7,3378.3,3641.7,4248.3,7951.7,6740,5655,9881.7
231,5165,5135,5093.3,3388.3,3651.7,4260,7970,6755,5670,9886.7
232,5178.3,5148.3,5106.7,3403.3,3663.3,4273.3,7983.3,6770,5685,9890
233,5193.3,5161.7,5120,3413.3,3673.3,4283.3,8000,6785,5700,9893.3
234,5205,5175,5131.7,3423.3,3685,4296.7,8016.7,6800,5715,9900
235,5218.3,5188.3,5146.7,3435,3698.3,4308.3,8031.7,6815,5730,9903.3
236,5231.7,5201.7,5158.3,3445,3708.3,4318.3,8050,6830,5745,9908.3
237,5245,5215,5171.7,3455,3718.3,4331.7,8063.3,6845,5760,9911.7
238,5258.3,5226.7,5185,3465,3730,4343.3,8080,6860,5775,9915
239,5271.7,5240,5196.7,3476.7,3740,4355,8093.3,6875,5785,9920
240,5286.7,5253.3,5210,3486.7,3750,4368.3,8110,6890,5800,9925
241,5296.7,5265,5221.7,3496.7,3765,4378.3,8125,6905,5815,9926.7
242,5311.7,5280,5235,3506.7,3775,4390,8140,6920,5830,9928.3
243,5323.3,5290,5246.7,3516.7,3785,4403.3,8155,6935,5845,9931.7
244,5336.7,5305,5260,3528.3,3795,4415,8171.7,6950,5860,9933.3
245,5350,5315,5270,3540,3806.7,4425,8185,6965,5870,9936.7
246,5361.7,5330,5285,3550,3816.7,4438.3,8200,6980,5885,9938.3
247,5376.7,5340,5296.7,3560,3826.7,4450,8215,6995,5900,9938.3
248,5388.3,5355,5308.3,3570,3840,4460,8228.3,7010,5915,9940
249,5401.7,5365,5321.7,3581.7,3850,4470,8241.7,7025,5930,9940
250,5413.3,5380,5333.3,3591.7,3860,4485,8258.3,7040,5940,9938.3
251,5426.7,5390,5346.7,3601.7,3870,4495,8271.7,7050,5955,
252,5438.3,5405,5356.7,3611.7,3881.7,4506.7,8285,7065,5970,
253,5451.7,5415,5370,3621.7,3893.3,4520,8300,7080,5985,
254,5465,5430,5381.7,3631.7,3903.3,4530,8315,7095,5995,
255,5475,5440,5391.7,3641.7,3913.3,4540,8328.3,7110,6010,
256,5490,5453.3,5406.7,3653.3,3923.3,4551.7,8341.7,7120,6025,
257,5500,5465,5416.7,3663.3,3935,4563.3,8355,7135,6035,
258,5515,5475,5428.3,3673.3,3945,4575,8368.3,7150,6050,
259,5525,5490,5441.7,3683.3,3955,4585,8381.7,7165,6065,
260,5538.3,5500,5451.7,3691.7,3966.7,4598.3,8395,7175,6075,
261,5550,5515,5463.3,3701.7,3976.7,4608.3,8408.3,7190,6090,
262,5561.7,5525,5476.7,3711.7,3986.7,4620,8421.7,7205,6105,
263,5575,5535,5486.7,3721.7,3998.3,4630,8436.7,7215,6120,
264,5585,5550,5498.3,3733.3,4008.3,4641.7,8446.7,7230,6130,
265,5600,5560,5510,3741.7,4018.3,4653.3,8460,7245,6145,
266,5610,5570,5521.7,3751.7,4028.3,4663.3,8471.7,7255,6155,
267,5620,5585,5533.3,3761.7,4038.3,4673.3,8485,7270,6170,
268,5635,5595,5543.3,3771.7,4048.3,4685,8498.3,7285,6180,
269,5645,5605,5555,3781.7,4060,4696.7,8511.7,7295,6195,
270,5660,5618.3,5568.3,3791.7,4070,4708.3,8523.3,7310,6205,
271,5670,5630,5578.3,3800,4080,4718.3,8535,7325,6220,
272,5680,5640,5588.3,3810,4090,4728.3,8548.3,7335,6235,
273,5691.7,5653.3,5600,3820,4140,4738.3,8560,7350,6245,
274,5705,5665,5611.7,3830,4116.7,4748.3,8573.3,7360,6260,
275,5715,5675,5623.3,3840,4126.7,4760,8583.3,7375,6270,
276,5726.7,5685,5633.3,3850,4136.7,4773.3,8595,7385,6285,
277,5738.3,5698.3,5645,3858.3,4146.7,4783.3,8608.3,7400,6295,
278,5750,5708.3,5656.7,3868.3,4155,4793.3,8620,7410,6310,
279,5761.7,5720,5666.7,3878.3,4166.7,4803.3,8631.7,7425,6320,
280,5771.7,5730,5676.7,3886.7,4176.7,4813.3,8641.7,7435,6335,
281,5783.3,5743.3,5688.3,3896.7,4186.7,4823.3,8653.3,7450,6345,
282,5796.7,5753.3,5698.3,3908.3,4196.7,4833.3,8665,7460,6360,
283,5806.7,5763.3,5708.3,3916.7,4205,4843.3,8675,7475,6370,
284,5818.3,5775,5721.7,3928.3,4215,4855,8688.3,7485,6385,
285,5830,5785,5731.7,3935,4226.7,4865,8698.3,7495,6395,
286,5840,5798.3,5741.7,3943.3,4235,4876.7,8710,7510,6405,
287,5851.7,5808.3,5751.7,3955,4245,4886.7,8720,7520,6420,
288,5863.3,5818.3,5761.7,3965,4255,4896.7,8731.7,7535,6430,
289,5875,5828.3,5771.7,3973.3,4263.3,4906.7,8741.7,7545,6445,
290,5885,5840,5781.7,3983.3,4273.3,4916.7,8751.7,7555,6455,
291,5895,5853.3,5793.3,3991.7,4283.3,4926.7,8763.3,7570,6465,
292,5905,5863.3,5803.3,4000,4293.3,4936.7,8773.3,7580,6480,
293,5916.7,5873.3,5813.3,4010,4303.3,4946.7,8783.3,7590,6490,
294,5928.3,5883.3,5825,4020,4313.3,4956.7,8795,7605,6505,
295,5938.3,5893.3,5836.7,4030,4323.3,4966.7,8803.3,7615,6515,
296,5950,5903.3,5845,4040,4331.7,4976.7,8815,7625,6525,
297,5960,5913.3,5855,4046.7,4341.7,4986.7,8825,7640,6540,
298,5970,5923.3,5865,4056.7,4350,4996.7,8835,7650,6550,
299,5981.7,5933.3,5875,4066.7,4360,5006.7,8845,7660,6560,
300,5991.7,5945,5885,4076.7,4370,5016.7,8855,7670,6575,
301,6001.7,5956.7,5895,4086.7,4380,5026.7,8865,7685,6585,
302,6013.3,5966.7,5905,4093.3,4390,5036.7,8873.3,7695,6595,
303,6023.3,5976.7,5915,4103.3,4398.3,5046.7,8883.3,7705,6605,
304,6033.3,5986.7,5925,4111.7,4406.7,5056.7,8893.3,7715,6620,
305,6045,5996.7,5935,4121.7,4416.7,5066.7,8903.3,7725,6630,
306,6055,6006.7,5945,4128.3,4426.7,5076.7,8911.7,7740,6640,
307,6065,6016.7,5955,4138.3,4436.7,5086.7,8921.7,7750,6650,
308,6075,6026.7,5965,4148.3,4446.7,5095,8931.7,7760,6665,
309,6085,6036.7,5975,4158.3,4455,5105,8941.7,7770,6675,
310,6095,6046.7,5983.3,4166.7,4463.3,5115,8950,7780,6685,
311,6105,6056.7,5993.3,4175,4473.3,5123.3,8960,7790,6695,
312,6116.7,6066.7,6003.3,4185,4483.3,5133.3,8968.3,7805,6710,
313,6126.7,6076.7,6013.3,4193.3,4491.7,5143.3,8976.7,7815,6720,
314,6138.3,6086.7,6021.7,4200,4500,5153.3,8985,7825,6730,
315,6146.7,6096.7,6031.7,4210,4510,5163.3,8995,7835,6740,
316,6156.7,6106.7,6041.7,4220,4518.3,5173.3,9003.3,7845,6750,
317,6166.7,6116.7,6051.7,4230,4528.3,5181.7,9011.7,7855,6760,
318,6176.7,6126.7,6061.7,4236.7,4536.7,5191.7,9020,7865,6775,
319,6186.7,6135,6070,4245,4546.7,5201.7,9028.3,7875,6785,
320,6196.7,6143.3,6080,4255,4556.7,5208.3,9036.7,7885,6795,
321,6206.7,6153.3,6086.7,4263.3,4565,5218.3,9046.7,7895,6805,
322,6216.7,6163.3,6096.7,4271.7,4571.7,5228.3,9055,7905,6815,
323,6226.7,6171.7,6106.7,4281.7,4581.7,5236.7,9063.3,7915,6825,
324,6235,6181.7,6116.7,4291.7,4591.7,5246.7,9070,7925,6835,
325,6245,6191.7,6126.7,4296.7,4601.7,5256.7,9078.3,7935,6845,
326,6255,6200,6133.3,4306.7,4608.3,5265,9086.7,7945,6855,
327,6265,6210,6141.7,4316.7,4618.3,5275,9095,7955,6865,
328,6275,6220,6151.7,4323.3,4626.7,5283.3,9103.3,7965,6880,
329,6283.3,6230,6161.7,4333.3,4636.7,5291.7,9110,7975,6890,
330,6293.3,6238.3,6171.7,4341.7,4643.3,5301.7,9118.3,7985,6900,
331,6303.3,6246.7,6180,4348.3,4653.3,5310,9126.7,7995,6910,
332,6313.3,6255,6188.3,4358.3,4663.3,5320,9135,8005,6920,
333,6323.3,6265,6196.7,4368.3,4671.7,5328.3,9143.3,8015,6930,
334,6331.7,6275,6206.7,4373.3,4678.3,5338.3,9148.3,8025,6940,
335,6340,6285,6215,4383.3,4688.3,5345,9156.7,8035,6950,
336,6350,6295,6225,4393.3,4696.7,5355,9165,8045,6960,
337,6360,6301.7,6231.7,4400,4705,5363.3,9171.7,8055,6970,
338,6368.3,6310,6241.7,4408.3,4715,5373.3,9180,8060,6980,
339,6376.7,6320,6250,4416.7,4723.3,5383.3,9186.7,8070,6990,
340,6386.7,6330,6260,4425,4731.7,5390,9193.3,8080,7000,
341,6396.7,6338.3,6266.7,4435,4740,5398.3,9201.7,8090,7010,
342,6405,6346.7,6276.7,4443.3,4750,5408.3,9208.3,8100,7020,
343,6415,6355,6285,4450,4758.3,5418.3,9215,8110,7030,
344,6423.3,6363.3,6295,4460,4765,5428.3,9223.3,8120,7040,
345,6431.7,6373.3,6300,4466.7,4775,5433.3,9230,8125,7050,
346,6441.7,6381.7,6310,4475,4783.3,5443.3,9235,8135,7060,
347,6451.7,6390,6320,4483.3,4791.7,5453.3,9243.3,8145,7065,
348,6458.3,6398.3,6325,4491.7,4800,5461.7,9248.3,8155,7075,
349,6468.3,6408.3,6335,4501.7,4808.3,5470,9256.7,8160,7085,
350,6478.3,6416.7,6345,4508.3,4816.7,5478.3,9263.3,8170,7095,
351,6485,6423.3,6351.7,4516.7,4825,5485,9270,8180,7105,
352,6495,6433.3,6360,4525,4833.3,5495,9276.7,8190,7115,
353,6503.3,6443.3,6370,4531.7,4841.7,5505,9285,8200,7125,
354,6513.3,6450,6376.7,4541.7,4850,5510,9288.3,8205,7135,
355,6521.7,6458.3,6385,4550,4860,5520,9296.7,8215,7145,
356,6530,6468.3,6395,4556.7,4866.7,5530,9301.7,8225,7150,
357,6538.3,6475,6400,4565,4875,5536.7,9310,8230,7160,
358,6546.7,6485,6410,4573.3,4885,5545,9315,8240,7170,
359,6556.7,6491.7,6418.3,4581.7,4890,5555,9321.7,8250,7180,
360,6565,6500,6425,4588.3,4900,5563.3,9326.7,8260,7190,
361,6573.3,6510,6435,4598.3,4910,5570,9333.3,8265,7200,
362,6581.7,6516.7,6443.3,4605,4916.7,5578.3,9340,8275,7205,
363,6590,6525,6450,4613.3,4925,5588.3,9345,8285,7215,
364,6600,6535,6458.3,4621.7,4933.3,5595,9350,8290,7225,
365,6606.7,6541.7,6465,4628.3,4941.7,5603.3,9356.7,8300,7235,
366,6615,6550,6475,4636.7,4950,5611.7,9361.7,8310,7245,
367,6625,6556.7,6483.3,4645,4956.7,5618.3,9368.3,8315,7250,
368,6633.3,6566.7,6490,4651.7,4966.7,5628.3,9373.3,8325,7260,
369,6641.7,6573.3,6498.3,4661.7,4971.7,5636.7,9378.3,8330,7270,
370,6648.3,6581.7,6505,4668.3,4981.7,5645,9381.7,8340,7280,
371,6658.3,6590,6513.3,4676.7,4991.7,5651.7,9386.7,8350,7285,
372,6666.7,6598.3,6521.7,4683.3,4996.7,5660,9393.3,8355,7295,
373,6675,6606.7,6528.3,4691.7,5006.7,5668.3,9396.7,8365,7305,
374,6681.7,6613.3,6538.3,4698.3,5013.3,5675,9403.3,8375,7315,
375,6691.7,6621.7,6543.3,4708.3,5021.7,5685,9406.7,8380,7320,
376,6698.3,6630,6553.3,4715,5030,5691.7,9410,8390,7330,
377,6706.7,6638.3,6558.3,4723.3,5038.3,5700,9415,8395,7340,
378,6715,6645,6568.3,4731.7,5045,5710,9420,8405,7345,
379,6723.3,6653.3,6573.3,4738.3,5053.3,5715,9423.3,8410,7355,
380,6731.7,6660,6583.3,4748.3,5061.7,5725,9428.3,8420,7365,
381,6738.3,6668.3,6588.3,4753.3,5068.3,5733.3,9431.7,8425,7375,
382,6748.3,6675,6598.3,4763.3,5078.3,5740,9435,8435,7380,
383,6755,6685,6603.3,4768.3,5083.3,5748.3,9441.7,8440,7390,
384,6763.3,6691.7,6613.3,4778.3,5093.3,5755,9445,8450,7395,
385,6771.7,6700,6618.3,4785,5100,5763.3,9448.3,8455,7405,
386,6776.7,6706.7,6628.3,4791.7,5108.3,5771.7,9451.7,8465,7415,
387,6786.7,6715,6633.3,4800,5116.7,5778.3,9456.7,8470,7425,
388,6795,6721.7,6643.3,4806.7,5123.3,5788.3,9460,8480,7430,
389,6801.7,6728.3,6648.3,4815,5131.7,5793.3,9465,8485,7440,
390,6810,6736.7,6656.7,4820,5138.3,5803.3,9468.3,8495,7445,
391,6818.3,6743.3,6663.3,4830,5146.7,5810,9473.3,8500,7455,
392,6825,6751.7,6670,4838.3,5155,5818.3,9476.7,8510,7465,
393,6833.3,6758.3,6678.3,4845,5161.7,5825,9480,8515,7470,
394,6841.7,6766.7,6685,4851.7,5170,5833.3,9481.7,8525,7480,
395,6848.3,6773.3,6693.3,4860,5176.7,5840,9370,8530,7485,
396,6856.7,6780,6700,4866.7,5185,5846.7,9375,8540,7495,
397,6863.3,6788.3,6706.7,4873.3,5191.7,5855,9380,8545,7505,
398,6871.7,6795,6715,4881.7,5200,5861.7,9385,8550,7510,
399,6878.3,6803.3,6720,4888.3,5208.3,5870,9390,8560,7520,
400,6886.7,6810,6728.3,4896.7,5215,5878.3,9395,8565,7525,
401,6895,6816.7,6735,4903.3,5223.3,5885,9402.5,8575,7535,
402,6900,6825,6741.7,4911.7,5228.3,5893.3,9407.5,8580,7540,
403,6910,6831.7,6750,4918.3,5238.3,5898.3,9412.5,8585,7550,
404,6915,6840,6755,4925,5243.3,5908.3,9420,8595,7555,
405,6923.3,6845,6761.7,4933.3,5253.3,5913.3,9422.5,8600,7565,
406,6930,6853.3,6770,4940,5258.3,5923.3,9427.5,8610,7570,
407,6938.3,6860,6776.7,4946.7,5268.3,5928.3,9432.5,8615,7580,
408,6946.7,6866.7,6783.3,4955,5273.3,5936.7,9437.5,8620,7585,
409,6951.7,6873.3,6790,4960,5283.3,5943.3,9442.5,8630,7595,
410,6961.7,6881.7,6796.7,4970,5288.3,5951.7,9447.5,8635,7600,
411,6966.7,6888.3,6803.3,4975,5296.7,5958.3,9455,8640,7610,
412,6975,6893.3,6810,4985,5303.3,5965,9460,8650,7620,
413,6980,6901.7,6816.7,4990,5311.7,5971.7,9465,8655,7625,
414,6990,6908.3,6823.3,4996.7,5318.3,5980,9470,8660,7635,
415,6996.7,6915,6830,5005,5326.7,5986.7,9475,8670,7640,
416,7003.3,6923.3,6838.3,5011.7,5333.3,5995,9480,8675,7645,
417,7011.7,6930,6843.3,5020,5340,6001.7,9485,8680,7655,
418,7018.3,6935,6850,5026.7,5346.7,6008.3,9490,8685,7660,
419,7025,6943.3,6858.3,5033.3,5355,6015,9495,8695,7670,
420,7031.7,6950,6863.3,5040,5361.7,6023.3,9500,8700,7675,
421,7038.3,6956.7,6870,5046.7,5370,6028.3,9502.5,8705,7685,
422,7046.7,6961.7,6878.3,5053.3,5376.7,6036.7,9507.5,8715,7690,
423,7053.3,6970,6883.3,5061.7,5385,6043.3,9512.5,8720,7695,
424,7060,6976.7,6888.3,5066.7,5390,6048.3,9517.5,8725,7705,
425,7066.7,6981.7,6898.3,5075,5398.3,6058.3,9522.5,8730,7710,
426,7073.3,6990,6903.3,5081.7,5405,6063.3,9527.5,8740,7720,
427,7081.7,6996.7,6908.3,5088.3,5413.3,6071.7,9530,8745,7725,
428,7088.3,7001.7,6913.3,5096.7,5418.3,6078.3,9535,8750,7730,
429,7093.3,7008.3,6923.3,5101.7,5428.3,6085,9540,8755,7740,
430,7101.7,7016.7,6928.3,5110,5433.3,6091.7,9545,8760,7745,
431,7106.7,7021.7,6933.3,5115,5441.7,6100,9547.5,8770,7755,
432,7113.3,7028.3,6941.7,5125,5448.3,6106.7,9552.5,8775,7760,
433,7121.7,7035,6948.3,5130,5453.3,6111.7,9555,8780,7770,
434,7128.3,7041.7,6953.3,5135,5463.3,6118.3,9560,8785,7775,
435,7135,7048.3,6958.3,5145,5468.3,6126.7,9565,8795,7780,
436,7141.7,7055,6966.7,5150,5476.7,6131.7,9570,8800,7790,
437,7148.3,7060,6973.3,5156.7,5483.3,6140,9572.5,8805,7795,
438,7153.3,7066.7,6978.3,5165,5490,6146.7,9577.5,8810,7800,
439,7163.3,7073.3,6985,5170,5496.7,6153.3,9582.5,8815,7805,
440,7168.3,7080,6990,5178.3,5503.3,6160,9585,8820,7815,
441,7175,7086.7,6998.3,5185,5510,6165,9587.5,8830,7820,
442,7181.7,7091.7,7003.3,5191.7,5515,6173.3,9592.5,8835,7830,
443,7186.7,7098.3,7008.3,5198.3,5525,6180,9597.5,8840,7835,
444,7193.3,7105,7015,5205,5530,6186.7,9602.5,8845,7840,
445,7200,7111.7,7021.7,5211.7,5538.3,6193.3,9605,8850,7850,
446,7206.7,7116.7,7028.3,5218.3,5545,6200,9610,8855,7855,
447,7213.3,7123.3,7033.3,5223.3,5550,6206.7,9612.5,8860,7860,
448,7220,7128.3,7040,5231.7,5560,6211.7,9615,8870,7865,
449,7226.7,7135,7045,5238.3,5565,6220,9620,8875,7875,
450,7233.3,7141.7,7051.7,5245,5570,6226.7,9625,8880,7880,
451,7240,7148.3,7056.7,5251.7,5580,6231.7,9627.5,8885,7885,
452,7245,7153.3,7061.7,5258.3,5585,6236.7,9630,8890,7890,
453,7251.7,7160,7070,5265,5590,6245,9635,8895,7900,
454,7258.3,7165,7075,5270,5600,6251.7,9637.5,8900,7905,
455,7263.3,7171.7,7080,5276.7,5605,6256.7,9642.5,8905,7910,
456,7270,7178.3,7086.7,5285,5610,6265,9647.5,8910,7915,
457,7276.7,7183.3,7093.3,5290,5618.3,6270,9647.5,8915,7925,
458,7281.7,7190,7098.3,5295,5625,6275,9652.5,8925,7930,
459,7288.3,7195,7105,5305,5633.3,6285,9657.5,8930,7935,
460,7295,7201.7,7110,5310,5638.3,6290,9660,8935,7940,
461,7300,7206.7,7115,5315,5645,6295,9662.5,8940,7950,
462,7306.7,7213.3,7121.7,5323.3,5651.7,6301.7,9665,8945,7955,
463,7313.3,7218.3,7128.3,5330,5658.3,6308.3,9670,8950,7960,
464,7318.3,7225,7133.3,5335,5663.3,6315,9670,8955,7965,
465,7325,7231.7,7138.3,5343.3,5671.7,6321.7,9675,8960,7975,
466,7331.7,7236.7,7143.3,5348.3,5678.3,6328.3,9677.5,8965,7980,
467,7336.7,7241.7,7148.3,5355,5683.3,6333.3,9682.5,8970,7985,
468,7343.3,7248.3,7155,5361.7,5691.7,6340,9682.5,8975,7990,
469,7350,7253.3,7160,5368.3,5698.3,6346.7,9687.5,8980,7995,
470,7355,7258.3,7166.7,5373.3,5703.3,6353.3,9690,8985,8005,
471,7361.7,7265,7173.3,5380,5710,6358.3,9690,8990,8010,
472,7366.7,7270,7178.3,5386.7,5716.7,6365,9695,8995,8015,
473,7373.3,7275,7183.3,5393.3,5723.3,6370,9697.5,9000,8020,
474,7378.3,7281.7,7188.3,5398.3,5728.3,6376.7,9697.5,9005,8025,
475,7385,7286.7,7193.3,5406.7,5735,6383.3,9700,9010,8030,
476,7391.7,7293.3,7198.3,5411.7,5743.3,6390,9702.5,9015,8040,
477,7396.7,7300,7203.3,5418.3,5750,6395,9702.5,9020,8045,
478,7401.7,7305,7211.7,5423.3,5755,6401.7,9705,9025,8050,
479,7408.3,7310,7216.7,5430,5760,6408.3,9707.5,9030,8055,
480,7415,7315,7221.7,5438.3,5768.3,6413.3,9707.5,9035,8060,
481,7420,7321.7,7226.7,5443.3,5775,6418.3,9710,9040,8065,
482,7425,7326.7,7233.3,5448.3,5780,6423.3,9712.5,9045,8070,
483,7431.7,7331.7,7238.3,5455,5785,6433.3,9712.5,9050,8075,
484,7438.3,7336.7,7243.3,5461.7,5793.3,6438.3,9715,9055,8085,
485,7443.3,7343.3,7248.3,5466.7,5800,6443.3,9715,9060,8090,
486,7448.3,7348.3,7253.3,5475,5805,6448.3,9717.5,9065,8095,
487,7455,7353.3,7258.3,5480,5811.7,6455,9720,9070,8100,
488,7461.7,7358.3,7265,5485,5818.3,6461.7,9720,9075,8105,
489,7466.7,7363.3,7270,5491.7,5825,6466.7,9722.5,9080,8110,
490,7471.7,7370,7275,5498.3,5830,6471.7,9722.5,9085,8115,
491,7476.7,7375,7280,5503.3,5836.7,6476.7,9725,9085,8120,
492,7481.7,7380,7285,5510,5843.3,6483.3,9725,9090,8125,
493,7488.3,7385,7290,5516.7,5848.3,6488.3,9727.5,9095,8135,
494,7493.3,7390,7295,5521.7,5855,6496.7,9727.5,9100,8140,
495,7498.3,7396.7,7300,5528.3,5860,6501.7,9730,9105,8145,
496,7503.3,7400,7305,5533.3,5868.3,6508.3,9730,9110,8150,
497,7510,7406.7,7310,5540,5873.3,6513.3,9732.5,9115,8155,
498,7516.7,7411.7,7315,5546.7,5878.3,6518.3,9732.5,9120,8160,
499,7521.7,7416.7,7320,5553.3,5885,6523.3,9735,9125,8165,
500,7526.7,7421.7,7325,5558.3,5893.3,6530,9735,9125,8170,
501,7530,7426.7,7330,5563.3,5898.3,6536.7,9735,9130,8175,
502,7535,7431.7,7335,5570,5903.3,6541.7,9737.5,9135,8180,
503,7543.3,7436.7,7340,5576.7,5908.3,6546.7,9737.5,9140,8185,
504,7548.3,7443.3,7345,5583.3,5916.7,6551.7,9737.5,9145,8190,
505,7553.3,7448.3,7350,5588.3,5923.3,6556.7,9737.5,9150,8195,
506,7558.3,7453.3,7355,5593.3,5928.3,6565,9737.5,9155,8200,
507,7563.3,7458.3,7360,5600,5933.3,6570,9737.5,9160,8205,
508,7566.7,7463.3,7365,5606.7,5940,6576.7,9740,9160,8210,
509,7575,7468.3,7370,5611.7,5945,6581.7,9740,9165,8215,
510,7580,7473.3,7375,5616.7,5953.3,6586.7,9740,9170,8220,
511,7585,7476.7,7380,5621.7,5958.3,6591.7,9740,9175,8225,
512,7590,7481.7,7385,5628.3,5963.3,6600,9740,9180,8230,
513,7595,7486.7,7390,5635,5968.3,6605,9740,9185,8235,
514,7600,7491.7,7395,5641.7,5975,6610,9740,9190,8240,
515,7603.3,7496.7,7400,5646.7,5980,6615,9740,9190,8245,
516,7610,7501.7,7405,5651.7,5988.3,6620,9740,9195,8250,
517,7616.7,7506.7,7410,5656.7,5993.3,6625,9740,9200,8255,
518,7621.7,7511.7,7415,5663.3,6000,6631.7,9740,9205,8260,
519,7626.7,7516.7,7420,5668.3,6005,6636.7,9740,9210,8265,
520,7630,7521.7,7421.7,5675,6010,6641.7,9740,9210,8270,
521,7635,7526.7,7426.7,5681.7,6016.7,6648.3,9740,9215,8275,
522,7640,7531.7,7431.7,5686.7,6021.7,6653.3,9740,9220,8280,
523,7645,7536.7,7436.7,5691.7,6028.3,6658.3,9737.5,9225,8285,
524,7651.7,7540,7441.7,5696.7,6035,6663.3,,9230,8290,
525,7656.7,7545,7446.7,5703.3,6040,6668.3,,9230,8295,
526,7661.7,7550,7451.7,5710,6045,6675,,9235,8300,
527,7666.7,7555,7456.7,5715,6051.7,6680,,9240,8305,
528,7671.7,7560,7461.7,5720,6056.7,6685,,9245,8310,
529,7676.7,7565,7466.7,5725,6061.7,6690,,9245,8315,
530,7680,7570,7471.7,5730,6070,6695,,9250,8320,
531,7685,7575,7476.7,5736.7,6075,6700,,9255,8325,
532,7690,7578.3,7478.3,5743.3,6080,6706.7,,9260,8330,
533,7695,7583.3,7483.3,5750,6086.7,6711.7,,9265,8330,
534,7700,7586.7,7488.3,5755,6091.7,6716.7,,9265,8335,
535,7705,7591.7,7493.3,5760,6096.7,6723.3,,9270,8340,
536,7710,7596.7,7496.7,5765,6101.7,6728.3,,9275,8345,
537,7715,7601.7,7501.7,5770,6108.3,6733.3,,9280,8350,
538,7720,7606.7,7506.7,5776.7,6113.3,6736.7,,9280,8355,
539,7723.3,7608.3,7511.7,5781.7,6118.3,6741.7,,9285,8360,
540,7728.3,7613.3,7516.7,5788.3,6125,6746.7,,9290,8365,
541,7733.3,7618.3,7521.7,5793.3,6131.7,6751.7,,9295,8370,
542,7738.3,7623.3,7523.3,5798.3,6136.7,6756.7,,9295,8375,
543,7741.7,7628.3,7528.3,5803.3,6141.7,6761.7,,9300,8375,
544,7746.7,7633.3,7533.3,5808.3,6148.3,6766.7,,9305,8380,
545,7751.7,7638.3,7538.3,5813.3,6153.3,6771.7,,9310,8385,
546,7756.7,7641.7,7543.3,5818.3,6158.3,6776.7,,9310,8390,
547,7761.7,7645,7546.7,5825,6163.3,6783.3,,9315,8395,
548,7765,7650,7550,5830,6168.3,6788.3,,9320,8400,
549,7771.7,7655,7553.3,5836.7,6175,6793.3,,9320,8405,
550,7775,7660,7558.3,5841.7,6180,6798.3,,9325,8410,
551,7780,7663.3,7563.3,5848.3,6185,6803.3,,9330,8410,
552,7785,7666.7,7568.3,5853.3,6191.7,6810,,9330,8415,
553,7790,7671.7,7573.3,5858.3,6198.3,6811.7,,9335,8420,
554,7793.3,7676.7,7578.3,5863.3,6203.3,6818.3,,9340,8425,
555,7798.3,7681.7,7580,5868.3,6208.3,6823.3,,9340,8430,
556,7803.3,7686.7,7583.3,5873.3,6213.3,6828.3,,9345,8435,
557,7808.3,7688.3,7588.3,5878.3,6218.3,6833.3,,9350,8435,
558,7811.7,7693.3,7593.3,5885,6223.3,6838.3,,9350,8440,
559,7816.7,7698.3,7598.3,5890,6230,6843.3,,9355,8445,
560,7820,7701.7,7601.7,5895,6235,6848.3,,9360,8450,
561,7823.3,7706.7,7605,5900,6240,6853.3,,9360,8455,
562,7828.3,7710,7610,5906.7,6245,6858.3,,9365,8460,
563,7833.3,7715,7613.3,5911.7,6251.7,6863.3,,9370,8460,
564,7836.7,7720,7618.3,5916.7,6256.7,6866.7,,9375,8465,
565,7841.7,7723.3,7623.3,5921.7,6261.7,6871.7,,9375,8470,
566,7846.7,7728.3,7626.7,5926.7,6266.7,6876.7,,9380,8475,
567,7850,7731.7,7630,5931.7,6271.7,6881.7,,9380,8480,
568,7855,7735,7635,5936.7,6276.7,6886.7,,9385,8485,
569,7860,7740,7640,5941.7,6281.7,6891.7,,9390,8485,
570,7865,7745,7643.3,5946.7,6286.7,6896.7,,9390,8490,
571,7868.3,7748.3,7646.7,5953.3,6293.3,6901.7,,9395,8495,
572,7873.3,7751.7,7650,5958.3,6298.3,6906.7,,9400,8500,
573,7878.3,7756.7,7655,5963.3,6303.3,6910,,9400,8500,
574,7881.7,7760,7660,5968.3,6310,6915,,9405,8505,
575,7886.7,7765,7665,5973.3,6313.3,6920,,9405,8510,
576,7890,7768.3,7666.7,5978.3,6321.7,6923.3,,9410,8515,
577,7895,7773.3,7670,5983.3,6325,6928.3,,9415,8515,
578,7900,7776.7,7675,5988.3,6330,6931.7,,9415,8520,
579,7903.3,7781.7,7680,5993.3,6336.7,6936.7,,9420,8525,
580,7906.7,7783.3,7683.3,5998.3,6341.7,6941.7,,9425,8530,
581,7911.7,7788.3,7685,6003.3,6346.7,6946.7,,9425,8530,
582,7915,7793.3,7690,6008.3,6351.7,6951.7,,9430,8535,
583,7920,7796.7,7695,6013.3,6356.7,6956.7,,9430,8540,
584,7925,7800,7698.3,6018.3,6361.7,6961.7,,9435,8545,
585,7926.7,7803.3,7703.3,6023.3,6366.7,6966.7,,9440,8550,
586,7931.7,7808.3,7705,6028.3,6371.7,6970,,9440,8550,
587,7935,7811.7,7710,6033.3,6376.7,6975,,9445,8555,
588,7940,7816.7,7715,6036.7,6381.7,6980,,9445,8560,
589,7945,7820,7716.7,6041.7,6386.7,6985,,9450,8560,
590,7948.3,7823.3,7721.7,6046.7,6391.7,6990,,9450,8565,
591,7951.7,7826.7,7725,6051.7,6396.7,6995,,9455,8570,
592,7956.7,7831.7,7730,6056.7,6401.7,6998.3,,9460,8575,
593,7960,7836.7,7733.3,6061.7,6408.3,7003.3,,9460,8575,
594,7965,7838.3,7736.7,6066.7,6411.7,7008.3,,9465,8580,
595,7968.3,7841.7,7740,6071.7,6416.7,7013.3,,9465,8585,
596,7973.3,7846.7,7743.3,6076.7,6421.7,7015,,9470,8590,
597,7978.3,7851.7,7748.3,6081.7,6426.7,7020,,9470,8590,
598,7980,7853.3,7751.7,6086.7,6431.7,7025,,9475,8595,
599,7983.3,7856.7,7756.7,6091.7,6436.7,7030,,9480,8600,
600,7986.7,7861.7,7758.3,6096.7,6441.7,7033.3,,9480,8600,
601,7991.7,7865,7761.7,6101.7,6446.7,7038.3,,9485,8605,
602,7996.7,7870,7766.7,6106.7,6451.7,7041.7,,9485,8610,
603,8000,7873.3,7771.7,6111.7,6456.7,7046.7,,9490,8610,
604,8005,7876.7,7773.3,6115,6461.7,7051.7,,9490,8615,
605,8008.3,7880,7776.7,6120,6466.7,7056.7,,9495,8620,
606,8010,7885,7781.7,6125,6471.7,7060,,9495,8620,
607,8015,7888.3,7785,6130,6476.7,7063.3,,9500,8625,
608,8018.3,7890,7790,6135,6481.7,7068.3,,9500,8630,
609,8023.3,7895,7791.7,6140,6486.7,7073.3,,9505,8630,
610,8026.7,7898.3,7795,6145,6491.7,7078.3,,9505,8635,
611,8031.7,7901.7,7800,6150,6496.7,7083.3,,9510,8640,
612,8035,7905,7801.7,6155,6500,7085,,9510,8640,
613,8038.3,7910,7806.7,6160,6506.7,7090,,9515,8645,
614,8040,7913.3,7810,6165,6511.7,7095,,9515,8650,
615,8045,7916.7,7815,6170,6515,7100,,9520,8650,
616,8050,7920,7816.7,6175,6521.7,7103.3,,9520,8655,
617,8053.3,7923.3,7820,6180,6526.7,7106.7,,9525,8660,
618,8056.7,7928.3,7825,6183.3,6528.3,7111.7,,9525,8660,
619,8060,7930,7828.3,6188.3,6533.3,7116.7,,9530,8665,
620,8065,7933.3,7830,6191.7,6538.3,7120,,9530,8670,
621,8066.7,7938.3,7835,6196.7,6543.3,7125,,9535,8670,
622,8071.7,7941.7,7838.3,6201.7,6548.3,7128.3,,9535,8675,
623,8075,7943.3,7841.7,6206.7,6553.3,7133.3,,9540,8675,
624,8078.3,7948.3,7845,6211.7,6558.3,7138.3,,9540,8680,
625,8083.3,7951.7,7848.3,6216.7,6563.3,7140,,9545,8685,
626,8086.7,7955,7851.7,6221.7,6568.3,7145,,9545,8685,
627,8090,7958.3,7855,6225,6573.3,7150,,9550,8690,
628,8093.3,7961.7,7858.3,6230,6576.7,7155,,9550,8695,
629,8096.7,7965,7861.7,6235,6581.7,7158.3,,9555,8695,
630,8100,7968.3,7866.7,6240,6586.7,7161.7,,9555,8700,
631,8105,7971.7,7868.3,6245,6591.7,7165,,9560,8700,
632,8108.3,7976.7,7871.7,6250,6596.7,7168.3,,9560,8705,
633,8110,7978.3,7876.7,6253.3,6600,7173.3,,9560,8710,
634,8113.3,7981.7,7878.3,6256.7,6605,7178.3,,9565,8710,
635,8118.3,7986.7,7881.7,6260,6610,7183.3,,9565,8715,
636,8121.7,7988.3,7886.7,6265,6615,7186.7,,9570,8720,
637,8205,7991.7,7888.3,6270,6620,7191.7,,9570,8720,
638,7817.5,7996.7,7891.7,6275,6625,7195,,9575,8725,
639,7822.5,7998.3,7896.7,6280,6628.3,7198.3,,9575,8725,
640,7827.5,8001.7,7898.3,6285,6635,7201.7,,9580,8730,
641,7832.5,8005,7901.7,6290,6636.7,7206.7,,9580,8735,
642,7835,8008.3,7906.7,6293.3,6641.7,7211.7,,9580,8735,
643,7837.5,8011.7,7908.3,6298.3,6645,7213.3,,9585,8740,
644,7842.5,8015,7911.7,6303.3,6650,7216.7,,9585,8740,
645,7847.5,8020,7915,6306.7,6655,7221.7,,9590,8745,
646,7850,8021.7,7918.3,6311.7,6660,7226.7,,9590,8745,
647,7855,8025,7921.7,6315,6665,7230,,9595,8750,
648,7857.5,8030,7925,6320,6670,7235,,9595,8755,
649,7862.5,8030,7928.3,6323.3,6675,7240,,9595,8755,
650,7865,8035,7931.7,6328.3,6678.3,7240,,9600,8760,
651,7870,8038.3,7933.3,6333.3,6683.3,7245,,9600,8760,
652,7875,8040,7938.3,6338.3,6688.3,7250,,9605,8765,
653,7877.5,8045,7941.7,6341.7,6693.3,7255,,9605,8765,
654,7880,8048.3,7943.3,6346.7,6695,7258.3,,9610,8770,
655,7885,8050,7948.3,6351.7,6700,7263.3,,9610,8770,
656,7890,8053.3,7950,6355,6705,7265,,9610,8775,
657,7892.5,8056.7,7953.3,6360,6710,7268.3,,9615,8775,
658,7895,8060,7958.3,6365,6713.3,7273.3,,9615,8780,
659,7900,8063.3,7958.3,6368.3,6718.3,7278.3,,9620,8780,
660,7905,8066.7,7963.3,6373.3,6723.3,7281.7,,9620,8785,
661,7907.5,8068.3,7966.7,6376.7,6728.3,7283.3,,9620,8790,
662,7910,8073.3,7968.3,6380,6733.3,7288.3,,9625,8790,
663,7915,8076.7,7973.3,6385,6736.7,7291.7,,9625,8795,
664,7920,8078.3,7975,6390,6741.7,7296.7,,9630,8795,
665,7920,8083.3,7978.3,6395,6743.3,7300,,9630,8800,
666,7925,8083.3,7981.7,6400,6748.3,7301.7,,9630,8800,
667,7930,8088.3,7983.3,6403.3,6753.3,7306.7,,9635,8805,
668,7935,8090,7988.3,6406.7,6758.3,7311.7,,9635,8805,
669,7935,8093.3,7990,6410,6763.3,7315,,9635,8810,
670,7940,8096.7,7993.3,6415,6768.3,7318.3,,9640,8810,
671,7945,8100,7996.7,6420,6771.7,7321.7,,9640,8815,
672,7947.5,8103.3,8000,6423.3,6775,7325,,9640,8815,
673,7950,8106.7,8001.7,6428.3,6780,7330,,9645,8820,
674,7955,8108.3,8005,6433.3,6785,7335,,9645,8820,
675,7957.5,8111.7,8010,6436.7,6788.3,7335,,9650,8825,
676,7960,8115,8011.7,6441.7,6793.3,7340,,9650,8825,
677,7965,8116.7,8015,6445,6798.3,7345,,9650,8830,
678,7967.5,8121.7,8016.7,6448.3,6801.7,7348.3,,9655,8830,
679,7972.5,8121.7,8020,6453.3,6805,7350,,9655,8835,
680,7975,8126.7,8023.3,6458.3,6810,7355,,9655,8835,
681,7980,8128.3,8025,6461.7,6815,7358.3,,9660,8840,
682,7982.5,8131.7,8030,6465,6820,7363.3,,9660,8840,
683,7985,8136.7,8033.3,6470,6823.3,7366.7,,9660,8845,
684,7990,8138.3,8035,6475,6826.7,7368.3,,9665,8845,
685,7992.5,8141.7,8038.3,6478.3,6831.7,7373.3,,9665,8850,
686,7997.5,8143.3,8040,6481.7,6835,7376.7,,9665,8850,
687,8000,8146.7,8043.3,6485,6840,7381.7,,9670,8855,
688,8002.5,8150,8046.7,6490,6845,7383.3,,9670,8855,
689,8007.5,8153.3,8048.3,6495,6848.3,7386.7,,9670,8855,
690,8010,8155,8053.3,6500,6853.3,7391.7,,9670,8860,
691,8012.5,8158.3,8055,6503.3,6856.7,7395,,9675,8860,
692,8017.5,8160,8058.3,6505,6860,7396.7,,9675,8865,
693,8022.5,8165,8061.7,6510,6865,7401.7,,9675,8865,
694,8022.5,8166.7,8063.3,6515,6868.3,7405,,9675,8870,
695,8027.5,8170,8066.7,6520,6873.3,7408.3,,9675,8870,
696,8032.5,8171.7,8068.3,6523.3,6878.3,7411.7,,9675,8875,
697,8032.5,8175,8071.7,6526.7,6881.7,7415,,9675,8875,
698,8037.5,8176.7,8075,6530,6885,7420,,9675,8880,
699,8040,8180,8078.3,6535,6888.3,7420,,9675,8880,
700,8042.5,8183.3,8080,6540,6893.3,7425,,9675,8880,
701,8047.5,8185,8083.3,6543.3,6898.3,7430,,9675,8885,
702,8050,8188.3,8085,6546.7,6903.3,7433.3,,9675,8885,
703,8052.5,8191.7,8090,6551.7,6906.7,7435,,9675,8890,
704,8057.5,8193.3,8091.7,6555,6908.3,7438.3,,9675,8890,
705,8060,8196.7,8095,6558.3,6913.3,7443.3,,9675,8895,
706,8062.5,8198.3,8096.7,6563.3,6918.3,7446.7,,9675,8895,
707,8067.5,8201.7,8100,6566.7,6923.3,7448.3,,9675,8895,
708,8070,8203.3,8101.7,6571.7,6928.3,7453.3,,9675,8900,
709,8072.5,8208.3,8105,6575,6930,7456.7,,9675,8900,
710,8077.5,8208.3,8108.3,6578.3,6933.3,7460,,9675,8905,
711,8080,8213.3,8110,6581.7,6938.3,7463.3,,9675,8905,
712,8082.5,8215,8113.3,6586.7,6943.3,7466.7,,9675,8910,
713,8085,8218.3,8115,6590,6948.3,7471.7,,9675,8910,
714,8090,8220,8120,6595,6950,7473.3,,9675,8910,
715,8092.5,8223.3,8120,6600,6953.3,7476.7,,,8915,
716,8095,8225,8125,6600,6958.3,7481.7,,,8915,
717,8100,8228.3,8125,6605,6963.3,7483.3,,,8920,
718,8100,8230,8130,6610,6965,7486.7,,,8920,
719,8105,8233.3,8130,6615,6970,7490,,,8925,
720,8110,8235,8135,6616.7,6975,7495,,,8925,
721,8110,8240,8136.7,6620,6978.3,7495,,,8925,
722,8115,8241.7,8140,6625,6981.7,7500,,,8930,
723,8117.5,8245,8141.7,6630,6985,7505,,,8930,
724,8120,8246.7,8145,6631.7,6990,7505,,,8930,
725,8125,8250,8146.7,6636.7,6995,7510,,,8935,
726,8127.5,8251.7,8150,6640,6996.7,7513.3,,,8935,
727,8130,8253.3,8151.7,6645,7001.7,7515,,,8940,
728,8132.5,8256.7,8155,6646.7,7005,7518.3,,,8940,
729,8135,8258.3,8156.7,6651.7,7010,7523.3,,,8940,
730,8140,8261.7,8161.7,6656.7,7013.3,7526.7,,,8945,
731,8142.5,8263.3,8161.7,6658.3,7016.7,7528.3,,,8945,
732,8145,8266.7,8166.7,6661.7,7021.7,7533.3,,,8945,
733,8147.5,8268.3,8166.7,6666.7,7025,7535,,,8950,
734,8152.5,8273.3,8170,6671.7,7028.3,7538.3,,,8950,
735,8152.5,8273.3,8171.7,6675,7033.3,7541.7,,,8955,
736,8157.5,8278.3,8173.3,6676.7,7038.3,7546.7,,,8955,
737,8160,8278.3,8176.7,6681.7,7040,7548.3,,,8955,
738,8162.5,8281.7,8178.3,6685,7043.3,7551.7,,,8960,
739,8167.5,8283.3,8181.7,6690,7048.3,7556.7,,,8960,
740,8167.5,8286.7,8185,6691.7,7053.3,7556.7,,,8960,
741,8172.5,8288.3,8186.7,6696.7,7055,7561.7,,,8965,
742,8175,8291.7,8188.3,6700,7058.3,7563.3,,,8965,
743,8177.5,8293.3,8191.7,6703.3,7063.3,7566.7,,,8965,
744,8182.5,8296.7,8193.3,6708.3,7068.3,7570,,,8970,
745,8182.5,8298.3,8196.7,6710,7070,7575,,,8970,
746,8187.5,8301.7,8198.3,6715,7073.3,7575,,,8975,
747,8187.5,8301.7,8201.7,6718.3,7078.3,7580,,,8975,
748,8192.5,8306.7,8203.3,6721.7,7083.3,7581.7,,,8975,
749,8197.5,8306.7,8205,6725,7085,7585,,,8980,
750,8197.5,8311.7,8208.3,6730,7088.3,7590,,,8980,
751,8202.5,8311.7,8210,6733.3,7093.3,7591.7,,,8980,
752,8202.5,8315,8213.3,6736.7,7098.3,7595,,,8985,
753,8207.5,8316.7,8215,6740,7100,7598.3,,,8985,
754,8210,8320,8218.3,6743.3,7103.3,7601.7,,,8985,
755,8212.5,8321.7,8220,6746.7,7108.3,7603.3,,,8985,
756,8215,8325,8223.3,6751.7,7113.3,7608.3,,,8990,
757,8217.5,8326.7,8223.3,6755,7115,7608.3,,,8990,
758,8220,8330,8226.7,6756.7,7120,7613.3,,,8995,
759,8225,8331.7,8228.3,6761.7,7123.3,7616.7,,,8995,
760,8227.5,8333.3,8231.7,6766.7,7126.7,7620,,,8995,
761,8230,8335,8233.3,6766.7,7130,7621.7,,,9000,
762,8232.5,8338.3,8236.7,6771.7,7135,7626.7,,,9000,
763,8235,8340,8238.3,6776.7,7136.7,7626.7,,,9000,
764,8240,8343.3,8241.7,6781.7,7140,7631.7,,,9000,
765,8240,8345,8243.3,6781.7,7145,7633.3,,,9005,
766,8245,8345,8246.7,6786.7,7150,7636.7,,,9005,
767,8245,8350,8246.7,6790,7151.7,7640,,,9005,
768,8250,8350,8250,6793.3,7155,7643.3,,,9010,
769,8250,8355,8251.7,6796.7,7160,7645,,,9010,
770,8255,8355,8255,6800,7163.3,7648.3,,,9010,
771,8255,8358.3,8256.7,6803.3,7166.7,7651.7,,,9015,
772,8260,8360,8260,6808.3,7170,7655,,,9015,
773,8262.5,8363.3,8261.7,6810,7175,7656.7,,,9015,
774,8265,8365,8263.3,6813.3,7178.3,7660,,,9020,
775,8270,8366.7,8266.7,6818.3,7180,7665,,,9020,
776,8270,8368.3,8268.3,6820,7185,7666.7,,,9020,
777,8275,8371.7,8270,6823.3,7188.3,7668.3,,,9020,
778,8275,8373.3,8273.3,6828.3,7193.3,7671.7,,,9025,
779,8280,8376.7,8273.3,6831.7,7195,7675,,,9025,
780,8282.5,8378.3,8276.7,6835,7198.3,7678.3,,,9025,
781,8285,8380,8278.3,6838.3,7203.3,7680,,,9030,
782,8287.5,8383.3,8281.7,6841.7,7206.7,7683.3,,,9030,
783,8290,8383.3,8283.3,6846.7,7208.3,7685,,,9030,
784,8292.5,8385,8285,6848.3,7213.3,7690,,,9030,
785,8295,8388.3,8288.3,6851.7,7216.7,7691.7,,,9035,
786,8297.5,8390,8290,6856.7,7218.3,7695,,,9035,
787,8300,8393.3,8293.3,6858.3,7223.3,7696.7,,,9035,
788,8302.5,8395,8293.3,6861.7,7226.7,7700,,,9035,
789,8305,8396.7,8298.3,6866.7,7231.7,7703.3,,,9040,
790,8307.5,8400,8298.3,6870,7233.3,7706.7,,,9040,
791,8312.5,8400,8298.3,6871.7,7238.3,7708.3,,,9040,
792,8312.5,8401.7,8303.3,6876.7,7240,7711.7,,,9045,
793,8317.5,8405,8303.3,6878.3,7243.3,7713.3,,,9045,
794,8317.5,8406.7,8308.3,6881.7,7248.3,7718.3,,,9045,
795,8322.5,8410,8308.3,6886.7,7251.7,7720,,,9045,
796,8322.5,8411.7,8310,6888.3,7255,7723.3,,,9050,
797,8327.5,8413.3,8313.3,6893.3,7258.3,7725,,,9050,
798,8327.5,8415,8315,6896.7,7260,7728.3,,,9050,
799,8330,8416.7,8316.7,6898.3,7265,7731.7,,,9050,
800,8332.5,8420,8320,6903.3,7268.3,7733.3,,,9055,
801,8335,8421.7,8320,6905,7270,7736.7,,,9055,
802,8337.5,8423.3,8323.3,6908.3,7275,7738.3,,,9055,
803,8340,8425,8325,6913.3,7280,7741.7,,,9055,
804,8342.5,8428.3,8326.7,6913.3,7281.7,7745,,,9060,
805,8345,8428.3,8330,6918.3,7285,7746.7,,,9060,
806,8347.5,8431.7,8330,6923.3,7290,7750,,,9060,
807,8350,8433.3,8335,6923.3,7290,7751.7,,,9060,
808,8352.5,8435,8335,6928.3,7295,7755,,,9060,
809,8355,8438.3,8336.7,6931.7,7300,7760,,,9065,
810,8357.5,8438.3,8340,6935,7300,7760,,,9065,
811,8360,8441.7,8340,6938.3,7305,7765,,,9065,
812,8362.5,8443.3,8343.3,6941.7,7310,7765,,,9065,
813,8365,8445,8345,6943.3,7311.7,7770,,,9065,
814,8367.5,8446.7,8348.3,6948.3,7315,7771.7,,,9065,
815,8370,8448.3,8350,6950,7320,7773.3,,,9065,
816,8372.5,8451.7,8350,6955,7321.7,7778.3,,,9065,
817,8375,8453.3,8353.3,6956.7,7325,7778.3,,,9065,
818,8375,8453.3,8355,6960,7330,7783.3,,,9065,
819,8380,8456.7,8356.7,6965,7331.7,7783.3,,,9065,
820,8380,8458.3,8360,6966.7,7335,7788.3,,,9065,
821,8385,8461.7,8360,6970,7340,7788.3,,,9065,
822,8387.5,8461.7,8363.3,6973.3,7341.7,7793.3,,,9065,
823,8390,8465,8365,6975,7345,7795,,,9065,
824,8390,8466.7,8366.7,6980,7348.3,7798.3,,,9065,
825,8395,8466.7,8368.3,6983.3,7351.7,7801.7,,,9065,
826,8395,8471.7,8371.7,6985,7356.7,7801.7,,,9065,
827,8397.5,8471.7,8371.7,6988.3,7358.3,7806.7,,,9065,
828,8400,8471.7,8373.3,6993.3,7361.7,7806.7,,,9065,
829,8402.5,8476.7,8376.7,6995,7365,7811.7,,,9065,
830,8405,8476.7,8378.3,6998.3,7366.7,7813.3,,,9065,
831,8407.5,8478.3,8378.3,7001.7,7371.7,7816.7,,,9065,
832,8410,8481.7,8381.7,7003.3,7375,7818.3,,,9065,
833,8412.5,8481.7,8383.3,7008.3,7376.7,7820,,,9065,
834,8412.5,8485,8386.7,7011.7,7381.7,7823.3,,,9065,
835,8417.5,8486.7,8386.7,7013.3,7385,7825,,,9065,
836,8417.5,8488.3,8390,7016.7,7386.7,7828.3,,,9065,
837,8422.5,8490,8391.7,7018.3,7391.7,7830,,,9065,
838,8422.5,8491.7,8391.7,7023.3,7395,7833.3,,,9065,
839,8427.5,8493.3,8395,7025,7396.7,7835,,,9065,
840,8427.5,8495,8396.7,7028.3,7400,7838.3,,,9065,
841,8430,8496.7,8398.3,7031.7,7403.3,7841.7,,,9065,
842,8432.5,8500,8400,7035,7406.7,7843.3,,,9065,
843,8435,8500,8401.7,7038.3,7410,7846.7,,,9065,
844,8437.5,8501.7,8405,7040,7413.3,7848.3,,,9065,
845,8440,8505,8405,7045,7415,7850,,,9065,
846,8442.5,8505,8408.3,7046.7,7420,7853.3,,,9065,
847,8442.5,8506.7,8410,7050,7423.3,7855,,,9065,
848,8445,8510,8410,7055,7425,7858.3,,,9065,
849,8447.5,8510,8413.3,7055,7428.3,7860,,,9065,
850,8450,8513.3,8415,7060,7431.7,7863.3,,,9065,
851,8452.5,8515,8415,7061.7,7435,7865,,,9065,
852,8455,8516.7,8418.3,7065,7438.3,7868.3,,,9065,
853,8457.5,8518.3,8420,7068.3,7441.7,7870,,,9065,
854,8460,8520,8421.7,7070,7443.3,7871.7,,,9065,
855,8460,8521.7,8423.3,7075,7446.7,7875,,,9065,
856,8465,8523.3,8425,7076.7,7450,7878.3,,,9065,
857,8465,8523.3,8426.7,7080,7453.3,7878.3,,,9065,
858,8470,8526.7,8430,7081.7,7456.7,7883.3,,,9065,
859,8470,8528.3,8430,7086.7,7460,7883.3,,,9065,
860,8470,8528.3,8431.7,7090,7461.7,7888.3,,,9065,
861,8475,8531.7,8433.3,7091.7,7466.7,7888.3,,,9065,
862,8475,8533.3,8436.7,7096.7,7468.3,7891.7,,,9065,
863,8480,8533.3,8436.7,7096.7,7471.7,7893.3,,,9065,
864,8480,8535,8438.3,7101.7,7476.7,7896.7,,,9065,
865,8482.5,8538.3,8441.7,7101.7,7476.7,7898.3,,,9065,
866,8485,8540,8441.7,7106.7,7481.7,7901.7,,,9065,
867,8485,8540,8443.3,7108.3,7483.3,7901.7,,,9065,
868,8490,8543.3,8446.7,7111.7,7486.7,7906.7,,,9065,
869,8490,8545,8446.7,7116.7,7490,7906.7,,,9065,
870,8492.5,8545,8448.3,7116.7,7491.7,7911.7,,,9065,
871,8495,8548.3,8451.7,7121.7,7496.7,7911.7,,,9065,
872,8497.5,8550,8451.7,7123.3,7498.3,7915,,,9065,
873,8497.5,8550,8453.3,7126.7,7501.7,7916.7,,,9060,
874,8500,8551.7,8456.7,7128.3,7505,7920,,,,
875,8502.5,8555,8456.7,7133.3,7508.3,7921.7,,,,
876,8505,8555,8458.3,7135,7511.7,7925,,,,
877,8507.5,8556.7,8461.7,7138.3,7513.3,7925,,,,
878,8507.5,8560,8461.7,7141.7,7516.7,7930,,,,
879,8512.5,8560,8463.3,7143.3,7518.3,7930,,,,
880,8512.5,8561.7,8466.7,7148.3,7523.3,7933.3,,,,
881,8515,8563.3,8466.7,7148.3,7526.7,7935,,,,
882,8517.5,8565,8468.3,7153.3,7528.3,7938.3,,,,
883,8517.5,8566.7,8471.7,7153.3,7533.3,7940,,,,
884,8522.5,8568.3,8471.7,7158.3,7533.3,7943.3,,,,
885,8522.5,8568.3,8473.3,7161.7,7538.3,7945,,,,
886,8525,8571.7,8475,7163.3,7538.3,7946.7,,,,
887,8527.5,8573.3,8476.7,7166.7,7543.3,7948.3,,,,
888,8527.5,8573.3,8478.3,7168.3,7548.3,7953.3,,,,
889,8532.5,8576.7,8478.3,7173.3,7548.3,7953.3,,,,
890,8532.5,8578.3,8483.3,7175,7553.3,7955,,,,
891,8535,8578.3,8483.3,7178.3,7553.3,7958.3,,,,
892,8537.5,8580,8483.3,7180,7558.3,7960,,,,
893,8537.5,8583.3,8488.3,7183.3,7560,7961.7,,,,
894,8540,8583.3,8488.3,7185,7563.3,7965,,,,
895,8542.5,8583.3,8488.3,7190,7566.7,7966.7,,,,
896,8545,8586.7,8491.7,7191.7,7568.3,7970,,,,
897,8545,8588.3,8493.3,7195,7573.3,7971.7,,,,
898,8550,8588.3,8493.3,7196.7,7575,7973.3,,,,
899,8550,8590,8496.7,7200,7578.3,7976.7,,,,
900,8552.5,8591.7,8498.3,7201.7,7580,7978.3,,,,
901,8555,8593.3,8498.3,7205,7585,7978.3,,,,
902,8555,8595,8500,7208.3,7585,7983.3,,,,
903,8557.5,8596.7,8501.7,7210,7590,7983.3,,,,
904,8560,8598.3,8503.3,7213.3,7591.7,7986.7,,,,
905,8560,8600,8505,7215,7595,7988.3,,,,
906,8565,8601.7,8506.7,7218.3,7596.7,7991.7,,,,
907,8565,8601.7,8508.3,7221.7,7600,7993.3,,,,
908,8565,8603.3,8508.3,7225,7605,7995,,,,
909,8570,8606.7,8510,7226.7,7605,7996.7,,,,
910,8570,8606.7,8511.7,7228.3,7610,8000,,,,
911,8572.5,8606.7,8513.3,7231.7,7610,8001.7,,,,
912,8575,8610,8515,7235,7615,8003.3,,,,
913,8577.5,8611.7,8516.7,7238.3,7618.3,8006.7,,,,
914,8577.5,8611.7,8518.3,7241.7,7620,8006.7,,,,
915,8580,8611.7,8520,7243.3,7625,8010,,,,
916,8582.5,8615,8520,7246.7,7625,8011.7,,,,
917,8585,8616.7,8521.7,7248.3,7630,8015,,,,
918,8585,8616.7,8525,7251.7,7631.7,8015,,,,
919,8587.5,8620,8525,7253.3,7635,8018.3,,,,
920,8587.5,8620,8525,7256.7,7636.7,8020,,,,
921,8590,8621.7,8528.3,7258.3,7640,8021.7,,,,
922,8592.5,8621.7,8530,7261.7,7641.7,8025,,,,
923,8595,8625,8530,7265,7645,8026.7,,,,
924,8597.5,8625,8533.3,7266.7,7648.3,8028.3,,,,
925,8597.5,8626.7,8533.3,7270,7651.7,8031.7,,,,
926,8600,8628.3,8535,7271.7,7653.3,8031.7,,,,
927,8602.5,8630,8536.7,7275,7656.7,8035,,,,
928,8602.5,8630,8538.3,7276.7,7658.3,8036.7,,,,
929,8602.5,8631.7,8540,7280,7661.7,8038.3,,,,
930,8607.5,8635,8540,7283.3,7663.3,8041.7,,,,
931,8607.5,8635,8543.3,7285,7666.7,8041.7,,,,
932,8610,8635,8543.3,7288.3,7670,8045,,,,
933,8612.5,8638.3,8545,7290,7671.7,8045,,,,
934,8612.5,8640,8546.7,7293.3,7675,8050,,,,
935,8615,8640,8548.3,7295,7676.7,8050,,,,
936,8617.5,8641.7,8548.3,7298.3,7680,8053.3,,,,
937,8617.5,8643.3,8551.7,7300,7681.7,8055,,,,
938,8620,8645,8551.7,7303.3,7686.7,8056.7,,,,
939,8622.5,8645,8553.3,7306.7,7688.3,8058.3,,,,
940,8625,8646.7,8555,7308.3,7691.7,8060,,,,
941,8625,8648.3,8556.7,7311.7,7693.3,8063.3,,,,
942,8627.5,8648.3,8556.7,7311.7,7696.7,8063.3,,,,
943,8630,8650,8558.3,7316.7,7700,8066.7,,,,
944,8630,8651.7,8560,7316.7,7701.7,8068.3,,,,
945,8632.5,8653.3,8561.7,7321.7,7705,8070,,,,
946,8635,8653.3,8561.7,7321.7,7706.7,8073.3,,,,
947,8635,8653.3,8565,7326.7,7710,8073.3,,,,
948,8637.5,8658.3,8565,7326.7,7713.3,8075,,,,
949,8640,8658.3,8566.7,7331.7,7715,8078.3,,,,
950,8640,8658.3,8566.7,7331.7,7718.3,8080,,,,
951,8642.5,8660,8570,7336.7,7720,8081.7,,,,
952,8645,8663.3,8570,7338.3,7723.3,8085,,,,
953,8645,8663.3,8571.7,7341.7,7725,8085,,,,
954,8645,8663.3,8573.3,7343.3,7728.3,8088.3,,,,
955,8650,8665,8575,7346.7,7730,8090,,,,
956,8650,8665,8575,7348.3,7733.3,8091.7,,,,
957,8650,8668.3,8576.7,7351.7,7736.7,8093.3,,,,
958,8655,8668.3,8578.3,7353.3,7738.3,8095,,,,
959,8655,8670,8580,7355,7741.7,8098.3,,,,
960,8657.5,8670,8580,7358.3,7743.3,8098.3,,,,
961,8657.5,8671.7,8581.7,7361.7,7746.7,8103.3,,,,
962,8660,8673.3,8585,7363.3,7748.3,8103.3,,,,
963,8662.5,8675,8585,7363.3,7751.7,8103.3,,,,
964,8662.5,8675,8585,7368.3,7753.3,8106.7,,,,
965,8665,8676.7,8586.7,7368.3,7756.7,8108.3,,,,
966,8665,8676.7,8588.3,7373.3,7758.3,8110,,,,
967,8667.5,8680,8590,7373.3,7761.7,8111.7,,,,
968,8670,8680,8590,7378.3,7763.3,8113.3,,,,
969,8672.5,8681.7,8591.7,7378.3,7766.7,8116.7,,,,
970,8672.5,8681.7,8593.3,7383.3,7770,8116.7,,,,
971,8675,8683.3,8595,7385,7771.7,8120,,,,
972,8677.5,8685,8596.7,7388.3,7775,8121.7,,,,
973,8677.5,8686.7,8596.7,7390,7776.7,8123.3,,,,
974,8677.5,8686.7,8596.7,7393.3,7780,8126.7,,,,
975,8682.5,8688.3,8600,7395,7781.7,8126.7,,,,
976,8682.5,8688.3,8601.7,7396.7,7783.3,8128.3,,,,
977,8682.5,8691.7,8601.7,7400,7786.7,8130,,,,
978,8685,8691.7,8601.7,7400,7788.3,8133.3,,,,
979,8687.5,8693.3,8601.7,7405,7791.7,8135,,,,
980,8687.5,8693.3,8606.7,7405,7793.3,8135,,,,
981,8690,8693.3,8606.7,7410,7795,8138.3,,,,
982,8692.5,8695,8606.7,7410,7798.3,8140,,,,
983,8692.5,8698.3,8606.7,7415,7801.7,8141.7,,,,
984,8695,8698.3,8611.7,7415,7803.3,8141.7,,,,
985,8695,8698.3,8611.7,7418.3,7805,8145,,,,
986,8697.5,8700,8611.7,7420,7808.3,8146.7,,,,
987,8697.5,8701.7,8613.3,7423.3,7810,8146.7,,,,
988,8700,8703.3,8615,7425,7813.3,8151.7,,,,
989,8700,8703.3,8616.7,7426.7,7815,8151.7,,,,
990,8702.5,8705,8616.7,7430,7818.3,8155,,,,
991,8705,8705,8618.3,7431.7,7821.7,8155,,,,
992,8705,8706.7,8618.3,7435,7823.3,8156.7,,,,
993,8705,8706.7,8621.7,7436.7,7826.7,8160,,,,
994,8710,8708.3,8621.7,7438.3,7828.3,8160,,,,
995,8710,8710,8623.3,7441.7,7830,8163.3,,,,
996,8710,8711.7,8623.3,7443.3,7833.3,8165,,,,
997,8715,8711.7,8623.3,7446.7,7835,8166.7,,,,
998,8715,8711.7,8626.7,7446.7,7838.3,8168.3,,,,
999,8715,8711.7,8628.3,7451.7,7840,8170,,,,
1000,8715,8715,8628.3,7451.7,7843.3,8171.7,,,,
1001,8720,8716.7,8628.3,7456.7,7843.3,8171.7,,,,
1002,8720,8716.7,8630,7456.7,7846.7,8175,,,,
1003,8720,8716.7,8631.7,7460,7850,8176.7,,,,
1004,8722.5,8718.3,8633.3,7461.7,7851.7,8178.3,,,,
1005,8725,8720,8633.3,7463.3,7855,8181.7,,,,
1006,8725,8720,8633.3,7466.7,7856.7,8181.7,,,,
1007,8727.5,8721.7,8636.7,7468.3,7860,8183.3,,,,
1008,8727.5,8721.7,8636.7,7471.7,7860,8185,,,,
1009,8730,8723.3,8638.3,7473.3,7863.3,8186.7,,,,
1010,8730,8725,8638.3,7475,7865,8188.3,,,,
1011,8732.5,8725,8640,7478.3,7870,8190,,,,
1012,8732.5,8725,8641.7,7480,7870,8190,,,,
1013,8735,8725,8641.7,7483.3,7873.3,8195,,,,
1014,8737.5,8728.3,8643.3,7483.3,7875,8195,,,,
1015,8737.5,8730,8645,7488.3,7876.7,8195,,,,
1016,8737.5,8730,8645,7488.3,7880,8200,,,,
1017,8740,8730,8646.7,7490,7881.7,8200,,,,
1018,8742.5,8730,8646.7,7493.3,7885,8201.7,,,,
1019,8742.5,8733.3,8646.7,7493.3,7885,8203.3,,,,
1020,8742.5,8733.3,8650,7498.3,7890,8205,,,,
1021,8747.5,8733.3,8650,7498.3,7890,8206.7,,,,
1022,8747.5,8733.3,8651.7,7503.3,7895,8208.3,,,,
1023,8747.5,8733.3,8651.7,7503.3,7895,8208.3,,,,
1024,8750,8736.7,8653.3,7506.7,7898.3,8213.3,,,,
1025,8752.5,8736.7,8655,7508.3,7900,8213.3,,,,
1026,8752.5,8738.3,8656.7,7510,7901.7,8215,,,,
1027,8752.5,8738.3,8656.7,7513.3,7905,8215,,,,
1028,8755,8738.3,8658.3,7515,7906.7,8218.3,,,,
1029,8755,8740,8658.3,7516.7,7910,8220,,,,
1030,8757.5,8741.7,8658.3,7520,7911.7,8220,,,,
1031,8760,8741.7,8660,7521.7,7915,8223.3,,,,
1032,8760,8741.7,8661.7,7525,7916.7,8225,,,,
1033,8760,8741.7,8663.3,7525,7918.3,8225,,,,
1034,8762.5,8743.3,8663.3,7528.3,7921.7,8228.3,,,,
1035,8765,8745,8663.3,7530,7921.7,8228.3,,,,
1036,8765,8745,8665,7531.7,7926.7,8230,,,,
1037,8765,8745,8668.3,7535,7926.7,8233.3,,,,
1038,8770,8745,8668.3,7535,7931.7,8233.3,,,,
1039,8770,8743.3,8668.3,7540,7931.7,8235,,,,
1040,8770,8747.5,8668.3,7540,7936.7,8238.3,,,,
1041,8770,8750,8670,7543.3,7936.7,8238.3,,,,
1042,8772.5,8750,8673.3,7545,7940,8240,,,,
1043,8775,8750,8673.3,7546.7,7941.7,8241.7,,,,
1044,8775,8750,8673.3,7550,7941.7,8243.3,,,,
1045,8775,8752.5,8673.3,7551.7,7946.7,8245,,,,
1046,8777.5,8755,8675,7553.3,7946.7,8246.7,,,,
1047,8780,8755,8675,7556.7,7951.7,8248.3,,,,
1048,8780,8755,8678.3,7556.7,7951.7,8250,,,,
1049,8780,8755,8678.3,7560,7953.3,8251.7,,,,
1050,8782.5,8755,8678.3,7561.7,7956.7,8251.7,,,,
1051,8782.5,8757.5,8680,7563.3,7958.3,8255,,,,
1052,8785,8760,8680,7566.7,7961.7,8256.7,,,,
1053,8785,8760,8680,7566.7,7963.3,8256.7,,,,
1054,8787.5,8760,8681.7,7571.7,7966.7,8258.3,,,,
1055,8787.5,8760,8683.3,7571.7,7968.3,8261.7,,,,
1056,8787.5,8762.5,8685,7575,7968.3,8263.3,,,,
1057,8792.5,8762.5,8685,7576.7,7971.7,8263.3,,,,
1058,8792.5,8765,8685,7578.3,7973.3,8265,,,,
1059,8792.5,8765,8686.7,7581.7,7976.7,8268.3,,,,
,8792.5,8765,8686.7,7583.3,7978.3,8268.3,,,,
,8797.5,8765,8688.3,7585,7978.3,8268.3,,,,
,8797.5,8767.5,8690,7586.7,7983.3,8271.7,,,,
,8797.5,8767.5,8690,7588.3,7983.3,8273.3,,,,
,8797.5,8767.5,8690,7590,7988.3,8275,,,,
,8800,8770,8691.7,7593.3,7988.3,8276.7,,,,
,8800,8770,8693.3,7593.3,7993.3,8276.7,,,,
,8802.5,8770,8693.3,7596.7,7993.3,8276.7,,,,
,8802.5,8772.5,8693.3,7598.3,7993.3,8281.7,,,,
,8802.5,8772.5,8693.3,7600,7998.3,8281.7,,,,
,8805,8772.5,8696.7,7603.3,7998.3,8281.7,,,,
,8807.5,8775,8698.3,7603.3,8003.3,8285,,,,
,8807.5,8775,8698.3,7608.3,8003.3,8286.7,,,,
,8807.5,8775,8698.3,7608.3,8005,8286.7,,,,
,8810,8777.5,8698.3,7610,8008.3,8288.3,,,,
,8810,8777.5,8698.3,7613.3,8010,8290,,,,
,8812.5,8777.5,8700,7613.3,8013.3,8293.3,,,,
,8812.5,8777.5,8701.7,7616.7,8013.3,8293.3,,,,
,8815,8780,8701.7,7618.3,8015,8295,,,,
,8815,8780,8701.7,7620,8018.3,8295,,,,
,8815,8782.5,8701.7,7623.3,8020,8296.7,,,,
,8815,8782.5,8703.3,7625,8023.3,8300,,,,
,8820,8782.5,8703.3,7626.7,8025,8301.7,,,,
,8820,8782.5,8705,7630,8026.7,8301.7,,,,
,8820,8782.5,8705,7630,8030,8301.7,,,,
,8820,8785,8706.7,7631.7,8030,8306.7,,,,
,8822.5,8785,8708.3,7635,8033.3,8306.7,,,,
,8822.5,8787.5,8706.7,7635,8035,8306.7,,,,
,8825,8787.5,8635,7640,8035,8310,,,,
,8825,8787.5,8635,7640,8040,8311.7,,,,
,8827.5,8787.5,8637.5,7643.3,8040,8311.7,,,,
,8827.5,8787.5,8637.5,7645,8045,8315,,,,
,8827.5,8790,8640,7645,8045,8315,,,,
,8830,8792.5,8640,7648.3,8045,8315,,,,
,8830,8792.5,8640,7650,8050,8318.3,,,,
,8832.5,8792.5,8640,7651.7,8050,8320,,,,
,8832.5,8792.5,8640,7655,8055,8320,,,,
,8832.5,8792.5,8645,7655,8055,8321.7,,,,
,8832.5,8792.5,8645,7656.7,8056.7,8323.3,,,,
,8837.5,8792.5,8645,7660,8060,8325,,,,
,8837.5,8797.5,8645,7661.7,8060,8326.7,,,,
,8837.5,8797.5,8645,7661.7,8063.3,8326.7,,,,
,8837.5,8797.5,8645,7666.7,8065,8328.3,,,,
,8840,8797.5,8647.5,7666.7,8066.7,8331.7,,,,
,8840,8797.5,8647.5,7668.3,8070,8331.7,,,,
,8842.5,8797.5,8650,7671.7,8071.7,8333.3,,,,
,8842.5,8797.5,8650,7671.7,8073.3,8335,,,,
,8842.5,8797.5,8650,7676.7,8076.7,8335,,,,
,8845,8800,8650,7676.7,8076.7,8336.7,,,,
,8845,8800,8652.5,7676.7,8080,8340,,,,
,8845,8802.5,8652.5,7681.7,8081.7,8340,,,,
,8847.5,8802.5,8652.5,7681.7,8081.7,8340,,,,
,8847.5,8802.5,8655,7683.3,8086.7,8340,,,,
,8850,8802.5,8655,7686.7,8086.7,8345,,,,
,8850,8802.5,8655,7688.3,8088.3,8345,,,,
,8850,8802.5,8657.5,7688.3,8091.7,8345,,,,
,8850,8802.5,8657.5,7691.7,8091.7,8348.3,,,,
,8855,8802.5,8657.5,7693.3,8096.7,8348.3,,,,
,8855,8805,8657.5,7693.3,8096.7,8350,,,,
,8855,8805,8657.5,7698.3,8096.7,8351.7,,,,
,8855,8805,8657.5,7698.3,8101.7,8353.3,,,,
,8855,8805,8660,7698.3,8101.7,8353.3,,,,
,8857.5,8805,8660,7703.3,8105,8356.7,,,,
,8860,8805,8662.5,7703.3,8106.7,8358.3,,,,
,8860,8805,8660,7706.7,8108.3,8358.3,,,,
,8860,8805,8662.5,7708.3,8110,8360,,,,
,8860,8805,8662.5,7708.3,8111.7,8360,,,,
,8862.5,8805,8665,7711.7,8113.3,8361.7,,,,
,8862.5,8805,8665,7713.3,8116.7,8365,,,,
,8862.5,8805,8665,7715,8118.3,8365,,,,
,8865,8805,8662.5,7716.7,8120,8365,,,,
,8865,8805,8720,7718.3,8121.7,8366.7,,,,
,8867.5,8805,8720,7720,8123.3,8370,,,,
,8867.5,8805,8720,7721.7,8126.7,8370,,,,
,8867.5,8805,8725,7725,8128.3,8370,,,,
,8867.5,8805,8725,7725,8128.3,8373.3,,,,
,8870,8805,8725,7726.7,8131.7,8373.3,,,,
,8872.5,8805,8725,7730,8133.3,8373.3,,,,
,8872.5,8805,8725,7730,8135,8378.3,,,,
,8872.5,8805,8725,7733.3,8138.3,8378.3,,,,
,8872.5,8805,8725,7735,8138.3,8378.3,,,,
,8872.5,8802.5,8730,7735,8141.7,8380,,,,
,8875,8790,8730,7738.3,8143.3,8381.7,,,,
,8877.5,8790,8730,7740,8143.3,8383.3,,,,
,8877.5,8790,8730,7740,8146.7,8383.3,,,,
,8877.5,8790,8730,7743.3,8148.3,8385,,,,
,8877.5,8790,8730,7745,8148.3,8386.7,,,,
,8880,8790,8730,7746.7,8151.7,8386.7,,,,
,8880,8790,8735,7748.3,8153.3,8390,,,,
,8880,8790,8735,7750,8155,8390,,,,
,8880,8790,8735,7751.7,8156.7,8391.7,,,,
,8882.5,8790,8735,7753.3,8158.3,8391.7,,,,
,8882.5,8785,8735,7756.7,8161.7,8393.3,,,,
,8885,,8735,7756.7,8163.3,8393.3,,,,
,8885,,8735,7758.3,8165,8396.7,,,,
,8885,,8740,7761.7,8166.7,8398.3,,,,
,8885,,8740,7761.7,8168.3,8398.3,,,,
,8885,,8740,7763.3,8170,8398.3,,,,
,8887.5,,8740,7766.7,8171.7,8401.7,,,,
,8890,,8740,7766.7,8175,8403.3,,,,
,8890,,8740,7770,8175,8403.3,,,,
,8890,,8740,7771.7,8176.7,8405,,,,
,8890,,8740,7771.7,8180,8406.7,,,,
,8890,,8745,7775,8180,8406.7,,,,
,8892.5,,8745,7776.7,8183.3,8408.3,,,,
,8892.5,,8745,7776.7,8185,8410,,,,
,8892.5,,8745,7780,8185,8411.7,,,,
,8892.5,,8745,7780,8190,8411.7,,,,
,8892.5,,8745,7783.3,8190,8411.7,,,,
,8895,,8745,7783.3,8191.7,8413.3,,,,
,8895,,8745,7785,8193.3,8416.7,,,,
,8895,,8750,7788.3,8195,8416.7,,,,
,8895,,8750,7788.3,8196.7,8418.3,,,,
,8895,,8750,7790,8200,8418.3,,,,
,8895,,8750,7793.3,8200,8420,,,,
,8897.5,,8750,7793.3,8201.7,8423.3,,,,
,8897.5,,8750,7796.7,8205,8423.3,,,,
,8897.5,,8750,7796.7,8206.7,8423.3,,,,
,8897.5,,8750,7798.3,8208.3,8425,,,,
,8897.5,,8755,7801.7,8210,8426.7,,,,
,8897.5,,8755,7801.7,8211.7,8426.7,,,,
,8900,,8755,7803.3,8213.3,8428.3,,,,
,8900,,8755,7806.7,8213.3,8430,,,,
,8900,,8755,7806.7,8216.7,8431.7,,,,
,8900,,8755,7810,8216.7,8431.7,,,,
,8900,,8755,7810,8221.7,8431.7,,,,
,8900,,8755,7811.7,8221.7,8433.3,,,,
,8902.5,,8755,7815,8223.3,8436.7,,,,
,8902.5,,8755,7815,8225,8436.7,,,,
,8902.5,,8755,7816.7,8226.7,8436.7,,,,
,8902.5,,8760,7818.3,8228.3,8438.3,,,,
,8902.5,,8760,7820,8230,8440,,,,
,8902.5,,8760,7821.7,8231.7,8440,,,,
,8905,,8760,7823.3,8233.3,8440,,,,
,8905,,8760,7825,8236.7,8443.3,,,,
,8905,,8760,7826.7,8236.7,8445,,,,
,8905,,8760,7828.3,8240,8445,,,,
,8905,,8760,7830,8240,8446.7,,,,
,8905,,8760,7831.7,8241.7,8446.7,,,,
,8905,,8760,7833.3,8243.3,8448.3,,,,
,8907.5,,8760,7833.3,8246.7,8450,,,,
,8907.5,,8760,7836.7,8246.7,8451.7,,,,
,8907.5,,8760,7838.3,8248.3,8451.7,,,,
,8907.5,,8760,7838.3,8250,8451.7,,,,
,8907.5,,8760,7841.7,8251.7,8453.3,,,,
,8907.5,,8760,7843.3,8253.3,8455,,,,
,8907.5,,8760,7843.3,8255,8456.7,,,,
,8910,,8760,7845,8258.3,8456.7,,,,
,8910,,8760,7846.7,8258.3,8460,,,,
,8910,,8760,7848.3,8260,8460,,,,
,8910,,8760,7850,8263.3,8460,,,,
,8910,,8760,7851.7,8263.3,8460,,,,
,8910,,8760,7853.3,8265,8463.3,,,,
,8910,,8760,7855,8268.3,8465,,,,
,8912.5,,8760,7855,8268.3,8465,,,,
,8912.5,,8760,7858.3,8270,8465,,,,
,8912.5,,8760,7860,8273.3,8466.7,,,,
,8912.5,,8760,7860,8273.3,8468.3,,,,
,8912.5,,8760,7861.7,8275,8468.3,,,,
,8912.5,,8760,7865,8276.7,8468.3,,,,
,8912.5,,8760,7865,8278.3,8471.7,,,,
,8915,,8760,7865,8280,8473.3,,,,
,8915,,8760,7870,8281.7,8473.3,,,,
,8915,,8760,7870,8283.3,8475,,,,
,8915,,8760,7871.7,8285,8475,,,,
,8915,,8760,7871.7,8286.7,8475,,,,
,8915,,8760,7875,8288.3,8476.7,,,,
,8915,,8760,7875,8290,8480,,,,
,8917.5,,8760,7876.7,8291.7,8480,,,,
,8917.5,,8760,7880,8293.3,8480,,,,
,8917.5,,8760,7881.7,8295,8480,,,,
,8917.5,,8760,7881.7,8296.7,8483.3,,,,
,8915,,8760,7881.7,8296.7,8483.3,,,,
,,,8760,7886.7,8300,8485,,,,
,,,8760,7886.7,8300,8485,,,,
,,,8760,7886.7,8301.7,8486.7,,,,
,,,8760,7888.3,8305,8488.3,,,,
,,,8760,7891.7,8305,8488.3,,,,
,,,8760,7891.7,8306.7,8488.3,,,,
,,,8760,7891.7,8310,8490,,,,
,,,8760,7896.7,8310,8491.7,,,,
,,,8760,7896.7,8311.7,8493.3,,,,
,,,8760,7898.3,8315,8493.3,,,,
,,,8760,7898.3,8315,8495,,,,
,,,8760,7901.7,8315,8495,,,,
,,,8760,7901.7,8318.3,8496.7,,,,
,,,8760,7903.3,8320,8496.7,,,,
,,,8760,7903.3,8321.7,8498.3,,,,
,,,8760,7906.7,8323.3,8500,,,,
,,,8760,7908.3,8325,8500,,,,
,,,8760,7908.3,8326.7,8501.7,,,,
,,,8760,7910,8328.3,8503.3,,,,
,,,8760,7913.3,8330,8503.3,,,,
,,,8760,7913.3,8331.7,8503.3,,,,
,,,8760,7913.3,8333.3,8503.3,,,,
,,,8760,7918.3,8333.3,8508.3,,,,
,,,8760,7918.3,8336.7,8508.3,,,,
,,,8760,7918.3,8336.7,8508.3,,,,
,,,8755,7921.7,8338.3,8508.3,,,,
,,,,7923.3,8341.7,8510,,,,
,,,,7923.3,8341.7,8511.7,,,,
,,,,7925,8341.7,8511.7,,,,
,,,,7926.7,8345,8511.7,,,,
,,,,7928.3,8346.7,8515,,,,
,,,,7930,8346.7,8515,,,,
,,,,7930,8350,8516.7,,,,
,,,,7931.7,8351.7,8516.7,,,,
,,,,7935,8351.7,8518.3,,,,
,,,,7935,8355,8518.3,,,,
,,,,7935,8355,8518.3,,,,
,,,,7936.7,8356.7,8521.7,,,,
,,,,7940,8356.7,8521.7,,,,
,,,,7940,8360,8523.3,,,,
,,,,7940,8361.7,8523.3,,,,
,,,,7943.3,8361.7,8523.3,,,,
,,,,7945,8363.3,8525,,,,
,,,,7945,8365,8526.7,,,,
,,,,7946.7,8366.7,8526.7,,,,
,,,,7948.3,8368.3,8526.7,,,,
,,,,7950,8370,8528.3,,,,
,,,,7950,8371.7,8530,,,,
,,,,7953.3,8373.3,8531.7,,,,
,,,,7953.3,8373.3,8531.7,,,,
,,,,7956.7,8375,8531.7,,,,
,,,,7956.7,8378.3,8533.3,,,,
,,,,7956.7,8378.3,8533.3,,,,
,,,,7958.3,8380,8535,,,,
,,,,7961.7,8381.7,8535,,,,
,,,,7961.7,8383.3,8536.7,,,,
,,,,7963.3,8383.3,8538.3,,,,
,,,,7965,8386.7,8538.3,,,,
,,,,7966.7,8388.3,8540,,,,
,,,,7966.7,8388.3,8540,,,,
,,,,7970,8391.7,8541.7,,,,
,,,,7970,8391.7,8541.7,,,,
,,,,7971.7,8393.3,8541.7,,,,
,,,,7971.7,8395,8541.7,,,,
,,,,7973.3,8396.7,8545,,,,
,,,,7975,8396.7,8546.7,,,,
,,,,7976.7,8400,8546.7,,,,
,,,,7978.3,8400,8546.7,,,,
,,,,7980,8401.7,8546.7,,,,
,,,,7980,8403.3,8548.3,,,,
,,,,7980,8405,8550,,,,
,,,,7983.3,8405,8550,,,,
,,,,7983.3,8406.7,8550,,,,
,,,,7985,8410,8553.3,,,,
,,,,7986.7,8410,8553.3,,,,
,,,,7988.3,8411.7,8555,,,,
,,,,7988.3,8415,8555,,,,
,,,,7990,8415,8555,,,,
,,,,7991.7,8415,8556.7,,,,
,,,,7993.3,8418.3,8556.7,,,,
,,,,7993.3,8418.3,8556.7,,,,
,,,,7996.7,8420,8558.3,,,,
,,,,7996.7,8420,8558.3,,,,
,,,,7996.7,8423.3,8560,,,,
,,,,7998.3,8423.3,8561.7,,,,
,,,,8001.7,8425,8561.7,,,,
,,,,8001.7,8428.3,8561.7,,,,
,,,,8001.7,8428.3,8563.3,,,,
,,,,8005,8430,8565,,,,
,,,,8006.7,8431.7,8565,,,,
,,,,8006.7,8431.7,8565,,,,
,,,,8006.7,8433.3,8565,,,,
,,,,8008.3,8435,8566.7,,,,
,,,,8011.7,8436.7,8568.3,,,,
,,,,8011.7,8438.3,8568.3,,,,
,,,,8011.7,8438.3,8570,,,,
,,,,8013.3,8441.7,8570,,,,
,,,,8015,8441.7,8571.7,,,,
,,,,8016.7,8443.3,8571.7,,,,
,,,,8018.3,8445,8571.7,,,,
,,,,8018.3,8446.7,8573.3,,,,
,,,,8018.3,8446.7,8575,,,,
,,,,8021.7,8448.3,8575,,,,
,,,,8023.3,8450,8575,,,,
,,,,8023.3,8451.7,8575,,,,
,,,,8023.3,8451.7,8576.7,,,,
,,,,8026.7,8455,8578.3,,,,
,,,,8028.3,8455,8580,,,,
,,,,8028.3,8456.7,8578.3,,,,
,,,,8028.3,8456.7,8578.3,,,,
,,,,8030,8460,8580,,,,
,,,,8033.3,8460,8583.3,,,,
,,,,8033.3,8461.7,8583.3,,,,
,,,,8033.3,8463.3,8583.3,,,,
,,,,8035,8465,8583.3,,,,
,,,,8036.7,8465,8583.3,,,,
,,,,8038.3,8465,8585,,,,
,,,,8040,8468.3,8583.3,,,,
,,,,8040,8470,8585,,,,
,,,,8040,8470,8625,,,,
,,,,8043.3,8471.7,8625,,,,
,,,,8045,8473.3,8627.5,,,,
,,,,8045,8475,8627.5,,,,
,,,,8045,8475,8627.5,,,,
,,,,8046.7,8476.7,8630,,,,
,,,,8048.3,8478.3,8632.5,,,,
,,,,8050,8480,8632.5,,,,
,,,,8050,8481.7,8632.5,,,,
,,,,8050,8481.7,8632.5,,,,
,,,,8053.3,8483.3,8632.5,,,,
,,,,8055,8485,8632.5,,,,
,,,,8055,8486.7,8637.5,,,,
,,,,8056.7,8486.7,8637.5,,,,
,,,,8058.3,8488.3,8637.5,,,,
,,,,8058.3,8488.3,8637.5,,,,
,,,,8060,8491.7,8637.5,,,,
,,,,8061.7,8491.7,8640,,,,
,,,,8061.7,8493.3,8642.5,,,,
,,,,8061.7,8495,8642.5,,,,
,,,,8063.3,8496.7,8642.5,,,,
,,,,8066.7,8496.7,8642.5,,,,
,,,,8066.7,8498.3,8645,,,,
,,,,8066.7,8500,8645,,,,
,,,,8068.3,8501.7,8645,,,,
,,,,8070,8501.7,8645,,,,
,,,,8071.7,8501.7,8647.5,,,,
,,,,8071.7,8505,8650,,,,
,,,,8073.3,8506.7,8650,,,,
,,,,8075,8506.7,8650,,,,
,,,,8075,8508.3,8650,,,,
,,,,8076.7,8510,8650,,,,
,,,,8076.7,8511.7,8652.5,,,,
,,,,8078.3,8511.7,8655,,,,
,,,,8080,8513.3,8655,,,,
,,,,8080,8515,8655,,,,
,,,,8081.7,8516.7,8655,,,,
,,,,8083.3,8518.3,8655,,,,
,,,,8085,8518.3,8657.5,,,,
,,,,8085,8518.3,8657.5,,,,
,,,,8085,8520,8660,,,,
,,,,8086.7,8523.3,8660,,,,
,,,,8088.3,8523.3,8660,,,,
,,,,8090,8523.3,8662.5,,,,
,,,,8090,8525,8662.5,,,,
,,,,8091.7,8528.3,8662.5,,,,
,,,,8091.7,8528.3,8662.5,,,,
,,,,8093.3,8528.3,8665,,,,
,,,,8095,8528.3,8665,,,,
,,,,8096.7,8533.3,8667.5,,,,
,,,,8096.7,8533.3,8667.5,,,,
,,,,8096.7,8533.3,8667.5,,,,
,,,,8096.7,8535,8667.5,,,,
,,,,8100,8535,8667.5,,,,
,,,,8101.7,8538.3,8670,,,,
,,,,8101.7,8538.3,8672.5,,,,
,,,,8101.7,8540,8672.5,,,,
,,,,8103.3,8540,8672.5,,,,
,,,,8105,8543.3,8672.5,,,,
,,,,8106.7,8543.3,8672.5,,,,
,,,,8106.7,8545,8675,,,,
,,,,8108.3,8545,8675,,,,
,,,,8108.3,8545,8677.5,,,,
,,,,8110,8548.3,8677.5,,,,
,,,,8111.7,8550,8677.5,,,,
,,,,8111.7,8550,8677.5,,,,
,,,,8113.3,8550,8680,,,,
,,,,8113.3,8550,8680,,,,
,,,,8113.3,8555,8680,,,,
,,,,8116.7,8555,8680,,,,
,,,,8118.3,8555,8682.5,,,,
,,,,8118.3,8555,8685,,,,
,,,,8118.3,8560,8685,,,,
,,,,8118.3,8560,8685,,,,
,,,,8123.3,8560,8685,,,,
,,,,8123.3,8560,8685,,,,
,,,,8123.3,8561.7,8685,,,,
,,,,8123.3,8565,8687.5,,,,
,,,,8123.3,8565,8687.5,,,,
,,,,8126.7,8566.7,8690,,,,
,,,,8128.3,8566.7,8690,,,,
,,,,8128.3,8568.3,8690,,,,
,,,,8128.3,8570,8692.5,,,,
,,,,8130,8570,8692.5,,,,
,,,,8130,8571.7,8692.5,,,,
,,,,8131.7,8571.7,8692.5,,,,
,,,,8133.3,8573.3,8695,,,,
,,,,8133.3,8575,8695,,,,
,,,,8135,8576.7,8697.5,,,,
,,,,8135,8576.7,8697.5,,,,
,,,,8136.7,8576.7,8697.5,,,,
,,,,8136.7,8578.3,8697.5,,,,
,,,,8140,8581.7,8697.5,,,,
,,,,8140,8581.7,8697.5,,,,
,,,,8140,8581.7,8700,,,,
,,,,8141.7,8581.7,8700,,,,
,,,,8141.7,8586.7,8702.5,,,,
,,,,8145,8586.7,8702.5,,,,
,,,,8145,8586.7,8702.5,,,,
,,,,8145,8586.7,8702.5,,,,
,,,,8145,8590,8702.5,,,,
,,,,8148.3,8590,8705,,,,
,,,,8148.3,8591.7,8705,,,,
,,,,8150,8591.7,8705,,,,
,,,,8150,8593.3,8707.5,,,,
,,,,8151.7,8595,8707.5,,,,
,,,,8151.7,8595,8707.5,,,,
,,,,8153.3,8596.7,8710,,,,
,,,,8153.3,8598.3,8710,,,,
,,,,8155,8598.3,8710,,,,
,,,,8156.7,8600,8710,,,,
,,,,8156.7,8600,8710,,,,
,,,,8158.3,8603.3,8712.5,,,,
,,,,8158.3,8603.3,8712.5,,,,
,,,,8160,8603.3,8715,,,,
,,,,8161.7,8605,8715,,,,
,,,,8161.7,8605,8715,,,,
,,,,8163.3,8608.3,8715,,,,
,,,,8163.3,8608.3,8715,,,,
,,,,8163.3,8608.3,8717.5,,,,
,,,,8165,8610,8717.5,,,,
,,,,8166.7,8611.7,8717.5,,,,
,,,,8166.7,8613.3,8717.5,,,,
,,,,8168.3,8613.3,8717.5,,,,
,,,,8170,8613.3,8720,,,,
,,,,8170,8616.7,8722.5,,,,
,,,,8170,8616.7,8722.5,,,,
,,,,8170,8616.7,8722.5,,,,
,,,,8171.7,8618.3,8722.5,,,,
,,,,8175,8618.3,8722.5,,,,
,,,,8175,8621.7,8722.5,,,,
,,,,8175,8621.7,8725,,,,
,,,,8175,8621.7,8725,,,,
,,,,8175,8623.3,8725,,,,
,,,,8178.3,8625,8727.5,,,,
,,,,8180,8626.7,8727.5,,,,
,,,,8180,8626.7,8727.5,,,,
,,,,8180,8626.7,8727.5,,,,
,,,,8181.7,8630,8730,,,,
,,,,8181.7,8630,8730,,,,
,,,,8183.3,8631.7,8730,,,,
,,,,8185,8631.7,8730,,,,
,,,,8185,8633.3,8730,,,,
,,,,8185,8633.3,8730,,,,
,,,,8186.7,8635,8732.5,,,,
,,,,8186.7,8635,8735,,,,
,,,,8186.7,8636.7,8735,,,,
,,,,8190,8638.3,8735,,,,
,,,,8190,8638.3,8735,,,,
,,,,8191.7,8640,8735,,,,
,,,,8191.7,8640,8735,,,,
,,,,8191.7,8641.7,8735,,,,
,,,,8191.7,8643.3,8737.5,,,,
,,,,8195,8643.3,8737.5,,,,
,,,,8196.7,8643.3,8737.5,,,,
,,,,8196.7,8645,8737.5,,,,
,,,,8196.7,8648.3,8740,,,,
,,,,8196.7,8648.3,8740,,,,
,,,,8196.7,8648.3,8740,,,,
,,,,8198.3,8648.3,8742.5,,,,
,,,,8201.7,8648.3,8742.5,,,,
,,,,8201.7,8651.7,8742.5,,,,
,,,,8201.7,8653.3,8742.5,,,,
,,,,8201.7,8653.3,8742.5,,,,
,,,,8203.3,8653.3,8742.5,,,,
,,,,8205,8655,8745,,,,
,,,,8205,8655,8745,,,,
,,,,8206.7,8658.3,8745,,,,
,,,,8206.7,8658.3,8745,,,,
,,,,8208.3,8658.3,8747.5,,,,
,,,,8208.3,8660,8747.5,,,,
,,,,8208.3,8660,8747.5,,,,
,,,,8208.3,8661.7,8750,,,,
,,,,8210,8663.3,8750,,,,
,,,,8213.3,8663.3,8750,,,,
,,,,8213.3,8665,8750,,,,
,,,,8213.3,8665,8750,,,,
,,,,8213.3,8665,8750,,,,
,,,,8213.3,8666.7,8750,,,,
,,,,8215,8668.3,8752.5,,,,
,,,,8218.3,8670,8752.5,,,,
,,,,8218.3,8670,8752.5,,,,
,,,,8218.3,8670,8752.5,,,,
,,,,8218.3,8671.7,8752.5,,,,
,,,,8220,8673.3,8752.5,,,,
,,,,8221.7,8675,8752.5,,,,
,,,,8221.7,8675,8752.5,,,,
,,,,8221.7,8675,8755,,,,
,,,,8223.3,8675,8755,,,,
,,,,8223.3,8678.3,8755,,,,
,,,,8225,8678.3,8755,,,,
,,,,8225,8680,8755,,,,
,,,,8226.7,8680,8755,,,,
,,,,8226.7,8680,8755,,,,
,,,,8226.7,8681.7,8757.5,,,,
,,,,8228.3,8683.3,8757.5,,,,
,,,,8230,8683.3,8757.5,,,,
,,,,8230,8685,8757.5,,,,
,,,,8230,8685,8757.5,,,,
,,,,8231.7,8686.7,8757.5,,,,
,,,,8231.7,8686.7,8757.5,,,,
,,,,8233.3,8688.3,8760,,,,
,,,,8235,8688.3,8760,,,,
,,,,8235,8690,8760,,,,
,,,,8235,8691.7,8760,,,,
,,,,8235,8691.7,8760,,,,
,,,,8236.7,8693.3,8760,,,,
,,,,8238.3,8693.3,8760,,,,
,,,,8238.3,8693.3,8760,,,,
,,,,8240,8696.7,8760,,,,
,,,,8240,8696.7,8762.5,,,,
,,,,8240,8696.7,8762.5,,,,
,,,,8241.7,8698.3,8762.5,,,,
,,,,8243.3,8700,8762.5,,,,
,,,,8243.3,8700,8760,,,,
,,,,8243.3,8700,8815,,,,
,,,,8243.3,8701.7,8815,,,,
,,,,8243.3,8701.7,8815,,,,
,,,,8246.7,8705,8820,,,,
,,,,8246.7,8705,8820,,,,
,,,,8248.3,8705,8820,,,,
,,,,8248.3,8705,8820,,,,
,,,,8248.3,8706.7,8820,,,,
,,,,8250,8706.7,8820,,,,
,,,,8250,8710,8820,,,,
,,,,8251.7,8710,8825,,,,
,,,,8251.7,8710,8825,,,,
,,,,8251.7,8710,8825,,,,
,,,,8253.3,8710,8825,,,,
,,,,8253.3,8713.3,8825,,,,
,,,,8255,8715,8825,,,,
,,,,8255,8715,8825,,,,
,,,,8255,8715,8825,,,,
,,,,8256.7,8715,8825,,,,
,,,,8256.7,8716.7,8830,,,,
,,,,8260,8716.7,8830,,,,
,,,,8260,8718.3,8830,,,,
,,,,8260,8720,8830,,,,
,,,,8260,8720,8830,,,,
,,,,8260,8720,8830,,,,
,,,,8260,8721.7,8830,,,,
,,,,8263.3,8721.7,8830,,,,
,,,,8263.3,8721.7,8830,,,,
,,,,8265,8725,8835,,,,
,,,,8265,8725,8835,,,,
,,,,8265,8726.7,8835,,,,
,,,,8265,8726.7,8835,,,,
,,,,8266.7,8726.7,8835,,,,
,,,,8266.7,8726.7,8835,,,,
,,,,8266.7,8728.3,8835,,,,
,,,,8268.3,8730,8840,,,,
,,,,8270,8731.7,8840,,,,
,,,,8270,8731.7,8840,,,,
,,,,8270,8731.7,8840,,,,
,,,,8271.7,8731.7,8840,,,,
,,,,8271.7,8733.3,8840,,,,
,,,,8271.7,8736.7,8840,,,,
,,,,8271.7,8736.7,8840,,,,
,,,,8273.3,8736.7,8840,,,,
,,,,8276.7,8736.7,8840,,,,
,,,,8276.7,8736.7,8845,,,,
,,,,8276.7,8736.7,8845,,,,
,,,,8276.7,8740,8845,,,,
,,,,8276.7,8740,8845,,,,
,,,,8276.7,8741.7,8845,,,,
,,,,8278.3,8741.7,8845,,,,
,,,,8278.3,8741.7,8845,,,,
,,,,8281.7,8743.3,8845,,,,
,,,,8281.7,8745,8845,,,,
,,,,8281.7,8745,8845,,,,
,,,,8281.7,8746.7,8850,,,,
,,,,8281.7,8746.7,8850,,,,
,,,,8283.3,8746.7,8850,,,,
,,,,8283.3,8748.3,8850,,,,
,,,,8283.3,8748.3,8850,,,,
,,,,8285,8750,8850,,,,
,,,,8286.7,8750,8850,,,,
,,,,8286.7,8750,8850,,,,
,,,,8288.3,8751.7,8855,,,,
,,,,8288.3,8753.3,8855,,,,
,,,,8288.3,8753.3,8855,,,,
,,,,8288.3,8753.3,8855,,,,
,,,,8288.3,8755,8855,,,,
,,,,8290,8755,8855,,,,
,,,,8290,8755,8855,,,,
,,,,8293.3,8758.3,8855,,,,
,,,,8293.3,8758.3,8855,,,,
,,,,8293.3,8758.3,8855,,,,
,,,,8293.3,8758.3,8860,,,,
,,,,8293.3,8760,8860,,,,
,,,,8293.3,8761.7,8860,,,,
,,,,8295,8761.7,8860,,,,
,,,,8296.7,8761.7,8860,,,,
,,,,8296.7,8763.3,8860,,,,
,,,,8298.3,8763.3,8860,,,,
,,,,8298.3,8763.3,8860,,,,
,,,,8298.3,8766.7,8860,,,,
,,,,8298.3,8766.7,8860,,,,
,,,,8300,8766.7,8865,,,,
,,,,8300,8766.7,8865,,,,
,,,,8300,8766.7,8865,,,,
,,,,8301.7,8768.3,8865,,,,
,,,,8301.7,8770,8865,,,,
,,,,8301.7,8771.7,8865,,,,
,,,,8303.3,8771.7,8865,,,,
,,,,8305,8771.7,8865,,,,
,,,,8305,8771.7,8865,,,,
,,,,8305,8771.7,8865,,,,
,,,,8305,8773.3,8865,,,,
,,,,8305,8775,8870,,,,
,,,,8308.3,8776.7,8870,,,,
,,,,8308.3,8776.7,8870,,,,
,,,,8308.3,8776.7,8870,,,,
,,,,8308.3,8776.7,8870,,,,
,,,,8310,8776.7,8870,,,,
,,,,8310,8778.3,8870,,,,
,,,,8310,8778.3,8870,,,,
,,,,8310,8781.7,8870,,,,
,,,,8311.7,8781.7,8870,,,,
,,,,8313.3,8781.7,8870,,,,
,,,,8313.3,8781.7,8875,,,,
,,,,8313.3,8783.3,8875,,,,
,,,,8313.3,8783.3,8875,,,,
,,,,8313.3,8783.3,8875,,,,
,,,,8313.3,8785,8875,,,,
,,,,8316.7,8786.7,8875,,,,
,,,,8316.7,8786.7,8875,,,,
,,,,8316.7,8786.7,8875,,,,
,,,,8316.7,8788.3,8875,,,,
,,,,8318.3,8788.3,8875,,,,
,,,,8318.3,8788.3,8875,,,,
,,,,8318.3,8788.3,8875,,,,
,,,,8320,8790,8880,,,,
,,,,8320,8791.7,8880,,,,
,,,,8320,8793.3,8880,,,,
,,,,8320,8793.3,8880,,,,
,,,,8320,8793.3,8880,,,,
,,,,8321.7,8793.3,8880,,,,
,,,,8323.3,8793.3,8880,,,,
,,,,8325,8795,8880,,,,
,,,,8325,8795,8880,,,,
,,,,8325,8796.7,8880,,,,
,,,,8325,8798.3,8880,,,,
,,,,8325,8798.3,8885,,,,
,,,,8325,8798.3,8885,,,,
,,,,8325,8798.3,8885,,,,
,,,,8326.7,8798.3,8885,,,,
,,,,8326.7,8801.7,8885,,,,
,,,,8328.3,8801.7,8885,,,,
,,,,8330,8801.7,8885,,,,
,,,,8330,8801.7,8885,,,,
,,,,8330,8803.3,8885,,,,
,,,,8330,8803.3,8885,,,,
,,,,8330,8803.3,8885,,,,
,,,,8331.7,8803.3,8885,,,,
,,,,8331.7,8806.7,8885,,,,
,,,,8331.7,8806.7,8885,,,,
,,,,8331.7,8806.7,8885,,,,
,,,,8331.7,8806.7,8885,,,,
,,,,8335,8806.7,8890,,,,
,,,,8335,8808.3,8890,,,,
,,,,8335,8810,8890,,,,
,,,,8336.7,8810,8890,,,,
,,,,8336.7,8811.7,8890,,,,
,,,,8336.7,8811.7,8890,,,,
,,,,8336.7,8811.7,8890,,,,
,,,,8336.7,8811.7,8890,,,,
,,,,8336.7,8811.7,8890,,,,
,,,,8336.7,8811.7,8890,,,,
,,,,8338.3,8813.3,8890,,,,
,,,,8340,8815,8890,,,,
,,,,8340,8816.7,8890,,,,
,,,,8341.7,8816.7,8890,,,,
,,,,8341.7,8816.7,8890,,,,
,,,,8341.7,8816.7,8890,,,,
,,,,8341.7,8816.7,8890,,,,
,,,,8341.7,8818.3,8890,,,,
,,,,8341.7,8818.3,8890,,,,
,,,,8343.3,8820,8890,,,,
,,,,8343.3,8820,8890,,,,
,,,,8343.3,8821.7,8890,,,,
,,,,8345,8821.7,8890,,,,
,,,,8345,8821.7,8890,,,,
,,,,8345,8821.7,8890,,,,
,,,,8345,8823.3,8885,,,,
,,,,8348.3,8823.3,8885,,,,
,,,,8348.3,8823.3,8885,,,,
,,,,8348.3,8825,,,,,
,,,,8348.3,8826.7,,,,,
,,,,8348.3,8826.7,,,,,
,,,,8348.3,8826.7,,,,,
,,,,8348.3,8828.3,,,,,
,,,,8350,8828.3,,,,,
,,,,8350,8828.3,,,,,
,,,,8351.7,8828.3,,,,,
,,,,8351.7,8830,,,,,
,,,,8351.7,8830,,,,,
,,,,8351.7,8830,,,,,
,,,,8351.7,8830,,,,,
,,,,8353.3,8833.3,,,,,
,,,,8353.3,8833.3,,,,,
,,,,8353.3,8833.3,,,,,
,,,,8355,8833.3,,,,,
,,,,8355,8833.3,,,,,
,,,,8356.7,8833.3,,,,,
,,,,8356.7,8835,,,,,
,,,,8356.7,8835,,,,,
,,,,8356.7,8836.7,,,,,
,,,,8356.7,8836.7,,,,,
,,,,8356.7,8838.3,,,,,
,,,,8356.7,8838.3,,,,,
,,,,8358.3,8838.3,,,,,
,,,,8360,8838.3,,,,,
,,,,8360,8838.3,,,,,
,,,,8360,8840,,,,,
,,,,8360,8841.7,,,,,
,,,,8361.7,8841.7,,,,,
,,,,8361.7,8841.7,,,,,
,,,,8361.7,8841.7,,,,,
,,,,8361.7,8841.7,,,,,
,,,,8363.3,8843.3,,,,,
,,,,8363.3,8843.3,,,,,
,,,,8363.3,8845,,,,,
,,,,8363.3,8846.7,,,,,
,,,,8363.3,8846.7,,,,,
,,,,8363.3,8846.7,,,,,
,,,,8363.3,8846.7,,,,,
,,,,8365,8846.7,,,,,
,,,,8365,8846.7,,,,,
,,,,8368.3,8846.7,,,,,
,,,,8368.3,8846.7,,,,,
,,,,8368.3,8846.7,,,,,
,,,,8368.3,8851.7,,,,,
,,,,8368.3,8851.7,,,,,
,,,,8368.3,8851.7,,,,,
,,,,8368.3,8851.7,,,,,
,,,,8368.3,8851.7,,,,,
,,,,8368.3,8851.7,,,,,
,,,,8370,8851.7,,,,,
,,,,8370,8851.7,,,,,
,,,,8370,8851.7,,,,,
,,,,8370,8855,,,,,
,,,,8371.7,8855,,,,,
,,,,8371.7,8856.7,,,,,
,,,,8371.7,8856.7,,,,,
,,,,8371.7,8856.7,,,,,
,,,,8373.3,8856.7,,,,,
,,,,8375,8856.7,,,,,
,,,,8375,8856.7,,,,,
,,,,8375,8856.7,,,,,
,,,,8375,8858.3,,,,,
,,,,8375,8860,,,,,
,,,,8375,8860,,,,,
,,,,8375,8860,,,,,
,,,,8375,8860,,,,,
,,,,8376.7,8860,,,,,
,,,,8376.7,8861.7,,,,,
,,,,8378.3,8861.7,,,,,
,,,,8378.3,8861.7,,,,,
,,,,8378.3,8863.3,,,,,
,,,,8378.3,8863.3,,,,,
,,,,8378.3,8865,,,,,
,,,,8378.3,8865,,,,,
,,,,8378.3,8865,,,,,
,,,,8378.3,8865,,,,,
,,,,8378.3,8865,,,,,
,,,,8378.3,8865,,,,,
,,,,8380,8865,,,,,
,,,,8380,8866.7,,,,,
,,,,8380,8868.3,,,,,
,,,,8380,8868.3,,,,,
,,,,8381.7,8868.3,,,,,
,,,,8381.7,8870,,,,,
,,,,8381.7,8870,,,,,
,,,,8381.7,8870,,,,,
,,,,8381.7,8870,,,,,
,,,,8381.7,8870,,,,,
,,,,8383.3,8870,,,,,
,,,,8383.3,8871.7,,,,,
,,,,8383.3,8871.7,,,,,
,,,,8383.3,8871.7,,,,,
,,,,8383.3,8873.3,,,,,
,,,,8383.3,8873.3,,,,,
,,,,8383.3,8875,,,,,
,,,,8383.3,8875,,,,,
,,,,8383.3,8875,,,,,
,,,,8383.3,8875,,,,,
,,,,8386.7,8875,,,,,
,,,,8386.7,8876.7,,,,,
,,,,8386.7,8876.7,,,,,
,,,,8386.7,8876.7,,,,,
,,,,8386.7,8876.7,,,,,
,,,,8386.7,8876.7,,,,,
,,,,8386.7,8876.7,,,,,
,,,,8386.7,8880,,,,,
,,,,8386.7,8880,,,,,
,,,,8386.7,8880,,,,,
,,,,8386.7,8880,,,,,
,,,,8386.7,8881.7,,,,,
,,,,8388.3,8881.7,,,,,
,,,,8388.3,8881.7,,,,,
,,,,8388.3,8881.7,,,,,
,,,,8388.3,8881.7,,,,,
,,,,8388.3,8881.7,,,,,
,,,,8390,8881.7,,,,,
,,,,8390,8881.7,,,,,
,,,,8388.3,8881.7,,,,,
,,,,8388.3,8883.3,,,,,
,,,,8388.3,8883.3,,,,,
,,,,8390,8886.7,,,,,
,,,,8388.3,8886.7,,,,,
,,,,8390,8886.7,,,,,
,,,,8390,8886.7,,,,,
,,,,8390,8886.7,,,,,
,,,,8390,8886.7,,,,,
,,,,8390,8886.7,,,,,
,,,,8390,8886.7,,,,,
,,,,8390,8886.7,,,,,
,,,,8390,8886.7,,,,,
,,,,8390,8890,,,,,
,,,,8390,8890,,,,,
,,,,8390,8890,,,,,
,,,,8391.7,8890,,,,,
,,,,8391.7,8890,,,,,
,,,,8393.3,8890,,,,,
,,,,8393.3,8891.7,,,,,
,,,,8393.3,8891.7,,,,,
,,,,8393.3,8891.7,,,,,
,,,,8393.3,8891.7,,,,,
,,,,8393.3,8891.7,,,,,
,,,,8393.3,8891.7,,,,,
,,,,8393.3,8893.3,,,,,
,,,,8393.3,8893.3,,,,,
,,,,8395,8895,,,,,
,,,,8395,8895,,,,,
,,,,8395,8895,,,,,
,,,,8395,8895,,,,,
,,,,8395,8895,,,,,
,,,,8395,8895,,,,,
,,,,8395,8895,,,,,
,,,,8395,8896.7,,,,,
,,,,8395,8896.7,,,,,
,,,,8395,8898.3,,,,,
,,,,8395,8896.7,,,,,
,,,,8396.7,8898.3,,,,,
,,,,8396.7,8898.3,,,,,
,,,,8396.7,8898.3,,,,,
,,,,8398.3,8900,,,,,
,,,,8398.3,8900,,,,,
,,,,8398.3,8900,,,,,
,,,,8398.3,8900,,,,,
,,,,8398.3,8900,,,,,
,,,,8398.3,8900,,,,,
,,,,8398.3,8900,,,,,
,,,,8398.3,8900,,,,,
,,,,8398.3,8901.7,,,,,
,,,,8398.3,8901.7,,,,,
,,,,8398.3,8901.7,,,,,
,,,,8398.3,8901.7,,,,,
,,,,8398.3,8903.3,,,,,
,,,,8400,8903.3,,,,,
,,,,8398.3,8903.3,,,,,
,,,,8400,8905,,,,,
,,,,8398.3,8905,,,,,
,,,,8285,8905,,,,,
,,,,8285,8905,,,,,
,,,,8287.5,8905,,,,,
,,,,8285,8906.7,,,,,
,,,,8287.5,8906.7,,,,,
,,,,8285,8906.7,,,,,
,,,,8287.5,8906.7,,,,,
,,,,8287.5,8906.7,,,,,
,,,,8287.5,8906.7,,,,,
,,,,8287.5,8906.7,,,,,
,,,,8290,8906.7,,,,,
,,,,8290,8906.7,,,,,
,,,,8290,8906.7,,,,,
,,,,8290,8906.7,,,,,
,,,,8290,8910,,,,,
,,,,8290,8910,,,,,
,,,,8290,8910,,,,,
,,,,8290,8911.7,,,,,
,,,,8290,8911.7,,,,,
,,,,8290,8911.7,,,,,
,,,,8290,8911.7,,,,,
,,,,8290,8911.7,,,,,
,,,,8290,8911.7,,,,,
,,,,8290,8911.7,,,,,
,,,,8290,8911.7,,,,,
,,,,8292.5,8911.7,,,,,
,,,,8292.5,8911.7,,,,,
,,,,8292.5,8911.7,,,,,
,,,,8292.5,8911.7,,,,,
,,,,8292.5,8911.7,,,,,
,,,,8292.5,8911.7,,,,,
,,,,8292.5,8911.7,,,,,
,,,,8292.5,8913.3,,,,,
,,,,8292.5,8913.3,,,,,
,,,,8292.5,8913.3,,,,,
,,,,8292.5,8915,,,,,
,,,,8292.5,8915,,,,,
,,,,8292.5,8915,,,,,
,,,,8292.5,8915,,,,,
,,,,8292.5,8915,,,,,
,,,,8295,8915,,,,,
,,,,8295,8916.7,,,,,
,,,,8295,8916.7,,,,,
,,,,8295,8916.7,,,,,
,,,,8295,8916.7,,,,,
,,,,8295,8915,,,,,
,,,,8295,8916.7,,,,,
,,,,8295,8916.7,,,,,
,,,,8295,8916.7,,,,,
,,,,8295,8916.7,,,,,
,,,,8295,8916.7,,,,,
,,,,8295,8916.7,,,,,
,,,,8295,8916.7,,,,,
,,,,8295,8916.7,,,,,
,,,,8295,8916.7,,,,,
,,,,8295,8916.7,,,,,
,,,,8295,8916.7,,,,,
,,,,8297.5,8916.7,,,,,
,,,,8297.5,8916.7,,,,,
,,,,8297.5,8916.7,,,,,
,,,,8297.5,8916.7,,,,,
,,,,8297.5,8916.7,,,,,
,,,,8297.5,8916.7,,,,,
,,,,8297.5,8918.3,,,,,
,,,,8297.5,8918.3,,,,,
,,,,8297.5,8918.3,,,,,
,,,,8297.5,8918.3,,,,,
,,,,8297.5,8918.3,,,,,
,,,,8297.5,8918.3,,,,,
,,,,8297.5,8918.3,,,,,
,,,,8297.5,8918.3,,,,,
,,,,8297.5,8918.3,,,,,
,,,,8297.5,8918.3,,,,,
,,,,8297.5,8918.3,,,,,
,,,,8297.5,8918.3,,,,,
,,,,8300,8918.3,,,,,
,,,,8300,8918.3,,,,,
,,,,8300,8918.3,,,,,
,,,,8300,8918.3,,,,,
,,,,8300,8918.3,,,,,
,,,,8300,8920,,,,,
,,,,8300,8920,,,,,
,,,,8300,8920,,,,,
,,,,8300,8920,,,,,
,,,,8300,8920,,,,,
,,,,8300,8920,,,,,
,,,,8300,8920,,,,,
,,,,8300,8920,,,,,
,,,,8300,8920,,,,,
,,,,8300,8920,,,,,
,,,,8300,8920,,,,,
,,,,8300,8920,,,,,
,,,,8300,8920,,,,,
,,,,8297.5,8920,,,,,
,,,,8395,8920,,,,,
,,,,8400,8920,,,,,
,,,,8400,8920,,,,,
,,,,8400,8918.3,,,,,
,,,,8400,9042.5,,,,,
,,,,8400,9045,,,,,
,,,,8400,9045,,,,,
,,,,8400,9045,,,,,
,,,,8400,9045,,,,,
,,,,8400,9045,,,,,
,,,,8400,9045,,,,,
,,,,8400,9045,,,,,
,,,,8400,9045,,,,,
,,,,8400,9045,,,,,
,,,,8400,9045,,,,,
,,,,8400,9045,,,,,
,,,,8400,9045,,,,,
,,,,8400,9045,,,,,
,,,,8400,9045,,,,,
,,,,8400,9045,,,,,
,,,,8400,9045,,,,,
,,,,8400,9045,,,,,
,,,,8400,9045,,,,,
,,,,8405,9045,,,,,
,,,,8400,9045,,,,,
,,,,8405,9045,,,,,
,,,,8405,9045,,,,,
,,,,8405,9045,,,,,
,,,,8405,9047.5,,,,,
,,,,8405,9047.5,,,,,
,,,,8405,9047.5,,,,,
,,,,8405,9047.5,,,,,
,,,,8405,9047.5,,,,,
,,,,8405,9047.5,,,,,
,,,,8405,9047.5,,,,,
,,,,8405,9047.5,,,,,
,,,,8405,9047.5,,,,,
,,,,8405,9047.5,,,,,
,,,,8405,9047.5,,,,,
,,,,8405,9047.5,,,,,
,,,,8405,9047.5,,,,,
,,,,8405,9047.5,,,,,
,,,,8405,9047.5,,,,,
,,,,8405,9047.5,,,,,
,,,,8405,9047.5,,,,,
,,,,8405,9047.5,,,,,
,,,,8405,9047.5,,,,,
,,,,8405,9047.5,,,,,
,,,,8405,9047.5,,,,,
,,,,8405,9047.5,,,,,
,,,,8405,9045,,,,,
,,,,8410,8955,,,,,
,,,,8405,8955,,,,,
,,,,8410,8960,,,,,
,,,,8410,8960,,,,,
,,,,8410,8960,,,,,
,,,,8410,8960,,,,,
,,,,8410,8960,,,,,
,,,,8410,8960,,,,,
,,,,8410,8960,,,,,
,,,,8410,8960,,,,,
,,,,8410,8960,,,,,
,,,,8410,8960,,,,,
,,,,8410,8960,,,,,
,,,,8410,8960,,,,,
,,,,8410,8960,,,,,
,,,,8410,8960,,,,,
,,,,8410,8960,,,,,
,,,,8410,8960,,,,,
,,,,,8960,,,,,
,,,,,8960,,,,,
,,,,,8960,,,,,
,,,,,8960,,,,,
,,,,,8960,,,,,
,,,,,8960,,,,,
,,,,,8960,,,,,
,,,,,8960,,,,,
,,,,,8960,,,,,
,,,,,8960,,,,,
,,,,,8960,,,,,
,,,,,8960,,,,,
,,,,,8960,,,,,
,,,,,8960,,,,,
,,,,,8960,,,,,
,,,,,8960,,,,,
,,,,,8960,,,,,
,,,,,8960,,,,,
,,,,,8960,,,,,
,,,,,8965,,,,,
,,,,,8960,,,,,
,,,,,8965,,,,,
,,,,,8965,,,,,
,,,,,8965,,,,,
,,,,,8965,,,,,
,,,,,8965,,,,,
,,,,,8965,,,,,
,,,,,8965,,,,,
,,,,,8965,,,,,
,,,,,8965,,,,,
,,,,,8965,,,,,
,,,,,8965,,,,,
,,,,,8965,,,,,
,,,,,8965,,,,,
,,,,,8965,,,,,
,,,,,8965,,,,,
,,,,,8965,,,,,
,,,,,8965,,,,,
,,,,,8965,,,,,
,,,,,8960,,,,,
