time (min)/weight (g),Set3_D31,Set3_D32,Set3_D33,Set2_D21,Set2_D22,Set2_D23,Set1_D11,Set1_D12,Set1_D13
1.0,3.0,4.7,1.7,0.7,1.7,1.3,3.0,3.0,4.0
2.0,6.0,8.7,4.3,2.0,3.3,2.7,8.0,8.0,8.0
3.0,9.0,12.0,7.3,3.3,5.3,5.0,12.7,12.3,11.0
4.0,12.0,15.7,9.7,5.0,7.0,7.0,17.7,17.0,14.0
5.0,15.0,19.7,12.7,6.3,8.7,8.7,22.3,21.7,18.0
6.0,18.0,23.7,15.3,8.0,10.3,10.3,26.3,25.7,21.0
7.0,21.0,27.7,18.3,9.7,12.3,12.7,31.3,30.3,25.0
8.0,23.0,31.0,20.7,11.0,13.7,14.0,35.3,34.7,28.0
9.0,26.0,35.0,23.3,12.3,15.7,16.0,40.0,39.0,31.0
10.0,29.0,38.7,26.7,14.3,17.3,18.0,44.7,43.7,35.0
11.0,32.0,42.3,29.0,15.7,19.0,19.7,49.3,48.3,39.0
12.0,35.0,46.3,32.0,17.0,20.7,21.3,53.7,52.7,42.0
13.0,37.0,50.0,34.3,18.7,22.3,23.7,57.7,57.0,45.0
14.0,40.0,53.3,37.0,20.0,24.0,25.0,62.7,61.3,48.0
15.0,43.0,57.3,39.7,21.7,26.0,27.3,66.7,65.7,51.0
16.0,45.0,61.0,42.7,23.3,27.7,28.7,71.3,70.0,55.0
17.0,48.0,64.7,45.0,24.7,29.0,30.7,75.7,74.0,58.0
18.0,51.0,68.3,47.7,26.0,31.0,32.7,80.0,78.7,62.0
19.0,53.0,72.0,51.0,27.7,32.3,34.3,84.0,83.0,65.0
20.0,57.0,75.7,53.3,28.7,34.0,36.0,88.7,87.3,68.0
21.0,59.0,79.3,55.7,30.7,36.3,38.3,93.3,91.7,72.0
22.0,62.0,82.7,58.7,31.7,37.7,39.7,97.3,95.7,75.0
23.0,65.0,86.7,61.0,33.7,39.0,41.7,101.7,99.7,79.0
24.0,67.0,90.0,63.7,35.0,41.0,43.7,106.0,104.0,81.0
25.0,70.0,93.7,66.7,36.7,42.7,45.0,110.3,108.7,85.0
26.0,72.0,97.7,69.3,38.0,44.0,47.0,114.7,112.7,88.0
27.0,75.0,101.0,71.7,39.3,46.0,48.7,118.7,116.7,92.0
28.0,78.0,104.0,74.3,41.0,47.7,50.7,122.7,120.7,95.0
29.0,80.0,108.3,77.0,42.3,49.3,52.0,127.0,125.3,98.0
30.0,83.0,112.0,79.3,44.3,51.0,54.3,131.7,129.3,101.0
31.0,86.0,115.3,81.7,45.7,52.3,56.0,135.7,133.3,104.0
32.0,88.0,119.0,84.3,47.0,54.0,57.7,140.0,137.3,108.0
33.0,91.0,122.3,87.0,48.7,56.0,59.3,144.0,141.3,111.0
34.0,93.0,126.0,89.7,49.7,57.7,61.3,148.0,145.7,115.0
35.0,96.0,129.3,92.0,51.3,59.0,63.0,152.3,149.7,118.0
36.0,99.0,132.7,94.7,53.0,61.0,64.7,156.3,153.7,121.0
37.0,101.0,136.7,97.3,54.3,62.3,66.7,160.7,157.7,124.0
38.0,104.0,139.7,100.0,56.0,64.3,68.3,164.7,161.7,127.0
39.0,106.0,143.3,102.0,57.3,65.7,70.0,169.0,165.7,130.0
40.0,109.0,147.0,104.3,58.7,67.3,71.7,173.0,169.7,133.0
41.0,111.0,150.7,107.7,60.3,69.3,73.7,177.0,174.0,137.0
42.0,114.0,154.0,110.0,61.7,70.7,75.3,180.7,177.3,140.0
43.0,116.0,157.0,112.0,63.0,72.3,77.0,185.3,181.7,143.0
44.0,119.0,160.7,114.3,64.7,74.0,78.7,189.0,185.3,146.0
45.0,121.0,164.0,117.3,66.0,75.3,80.7,193.0,189.3,149.0
46.0,124.0,167.7,119.7,67.7,77.0,82.3,196.7,193.0,152.0
47.0,127.0,171.0,122.0,69.0,79.0,84.0,201.0,197.3,156.0
48.0,129.0,174.0,124.3,70.7,80.7,85.7,205.0,201.0,159.0
49.0,131.0,177.7,127.0,72.0,82.0,87.3,209.0,204.3,162.0
50.0,134.0,181.0,129.7,73.7,83.7,89.0,213.0,209.0,165.0
51.0,136.0,184.3,132.0,75.0,85.3,91.0,216.7,212.0,168.0
52.0,139.0,188.0,134.3,76.7,86.7,92.3,220.3,216.3,171.0
53.0,141.0,191.3,136.7,77.7,88.7,94.3,224.7,219.7,174.0
54.0,144.0,194.7,139.0,79.3,90.3,96.0,228.3,223.7,177.0
55.0,147.0,197.7,141.3,81.0,91.7,98.0,232.0,227.3,180.0
56.0,149.0,201.3,143.7,82.0,93.7,99.7,236.3,231.0,183.0
57.0,151.0,204.7,146.0,83.7,95.0,101.0,240.0,235.3,186.0
58.0,153.0,207.7,149.0,85.0,96.7,103.0,244.0,238.7,190.0
59.0,156.0,211.0,151.3,86.3,98.3,104.3,247.7,242.0,192.0
60.0,158.0,214.0,153.7,87.7,100.0,106.3,251.7,246.3,196.0
61.0,161.0,217.7,155.7,89.3,101.3,108.0,255.3,249.7,199.0
62.0,163.0,221.0,158.0,91.0,103.3,109.7,258.7,253.3,202.0
63.0,166.0,224.3,160.3,92.0,104.7,111.7,262.7,257.0,205.0
64.0,168.0,227.3,162.7,93.7,106.3,113.0,266.3,260.7,208.0
65.0,171.0,230.3,165.0,95.3,108.3,114.3,270.0,264.3,211.0
66.0,173.0,234.0,167.7,96.7,109.7,116.3,274.0,268.0,214.0
67.0,175.0,237.0,170.0,98.0,111.0,118.7,277.3,271.7,217.0
68.0,178.0,240.3,172.0,99.3,113.0,120.0,281.3,275.0,220.0
69.0,180.0,243.7,174.7,101.0,114.3,121.7,285.3,278.7,223.0
70.0,183.0,246.7,176.7,102.0,115.7,123.3,288.7,282.3,226.0
71.0,185.0,249.7,179.0,103.7,117.3,125.0,292.3,286.0,229.0
72.0,187.0,253.0,181.3,105.3,119.3,126.3,295.7,289.0,232.0
73.0,190.0,256.3,183.7,106.7,120.7,128.3,299.7,292.7,234.0
74.0,192.0,259.7,185.7,108.3,122.0,129.7,303.3,296.0,238.0
75.0,194.0,262.7,188.0,109.7,124.0,131.7,307.0,299.7,241.0
76.0,196.0,265.7,190.7,111.0,125.3,133.3,310.7,303.3,243.0
77.0,199.0,269.0,192.7,112.7,126.7,135.0,314.0,306.7,246.0
78.0,201.0,272.0,195.3,113.7,129.0,136.7,317.3,310.3,249.0
79.0,203.0,275.0,197.7,115.7,130.0,138.3,321.0,313.7,252.0
80.0,206.0,278.0,200.0,116.7,131.7,139.7,324.7,317.0,255.0
81.0,209.0,281.3,202.0,118.0,133.0,141.7,328.0,320.3,258.0
82.0,211.0,284.3,204.0,120.0,135.0,143.0,331.3,323.7,261.0
83.0,213.0,287.3,206.3,120.7,136.3,144.7,335.0,327.3,264.0
84.0,215.0,290.3,208.7,122.3,137.7,146.3,338.7,330.7,267.0
85.0,217.0,293.7,211.0,123.7,139.7,148.0,341.7,333.7,269.0
86.0,219.0,296.3,212.7,125.3,141.3,150.0,345.3,337.3,272.0
87.0,222.0,299.7,215.7,126.3,142.7,151.7,349.0,340.7,275.0
88.0,224.0,302.7,217.3,128.3,144.0,153.0,352.7,344.0,278.0
89.0,226.0,305.7,219.7,129.7,145.7,154.7,356.0,347.0,281.0
90.0,228.0,308.7,222.0,130.7,147.3,156.3,359.3,350.3,284.0
91.0,231.0,312.0,224.0,132.3,148.7,158.0,362.7,353.7,286.0
92.0,233.0,314.7,226.3,133.7,150.3,159.7,366.0,357.0,290.0
93.0,235.0,317.7,228.3,135.0,152.0,161.0,369.0,360.3,292.0
94.0,237.0,321.0,230.7,136.3,153.7,162.7,372.3,363.3,295.0
95.0,240.0,323.7,232.7,138.0,155.0,164.3,376.0,366.7,298.0
96.0,242.0,326.3,235.0,139.0,156.7,166.0,379.3,370.0,300.0
97.0,244.0,329.7,237.0,141.0,158.3,167.7,382.3,373.0,303.0
98.0,246.0,332.3,239.3,142.3,159.7,169.3,385.7,376.0,306.0
99.0,249.0,335.3,241.7,143.3,161.0,170.7,389.3,379.3,309.0
100.0,251.0,338.7,243.3,145.0,162.7,172.7,392.3,382.0,312.0
101.0,253.0,341.3,245.7,146.3,164.3,174.0,395.7,385.7,315.0
102.0,255.0,344.7,248.0,147.7,166.0,175.7,399.0,388.7,317.0
103.0,258.0,347.0,250.3,148.7,167.3,177.3,402.3,391.7,320.0
104.0,259.0,350.0,252.3,150.7,169.0,178.7,405.7,395.0,323.0
105.0,262.0,352.7,254.3,151.7,170.3,180.3,408.7,397.7,325.0
106.0,264.0,356.0,256.7,153.3,171.7,182.0,411.7,401.0,328.0
107.0,266.0,359.0,258.3,155.0,173.0,183.7,415.0,404.0,331.0
108.0,268.0,361.3,260.3,156.0,174.7,185.0,418.0,406.7,333.0
109.0,270.0,364.3,262.7,157.0,176.7,187.0,421.3,410.0,337.0
110.0,272.0,367.0,264.7,159.0,178.0,188.3,424.7,413.3,340.0
111.0,274.0,370.3,267.0,160.3,179.3,190.3,427.7,416.0,342.0
112.0,277.0,372.7,268.7,161.3,180.7,191.7,431.0,419.3,344.0
113.0,279.0,375.7,271.0,163.3,182.3,193.0,433.7,422.0,347.0
114.0,281.0,378.3,273.3,164.3,183.7,194.7,437.0,425.0,350.0
115.0,283.0,381.0,275.3,165.7,185.7,196.3,439.7,428.3,353.0
116.0,285.0,383.7,277.3,167.0,187.0,198.0,443.3,430.7,355.0
117.0,287.0,387.0,279.3,168.7,188.3,199.3,446.0,434.3,358.0
118.0,289.0,390.0,281.7,169.7,190.0,201.3,449.0,436.7,361.0
119.0,291.0,392.3,283.3,171.0,191.7,202.7,452.3,439.7,364.0
120.0,293.0,395.3,285.7,173.0,193.0,204.3,455.0,442.7,366.0
121.0,295.0,398.0,287.7,174.0,194.7,206.0,458.0,445.3,369.0
122.0,297.0,400.7,289.3,175.3,196.3,207.3,461.0,448.3,371.0
123.0,300.0,403.3,291.3,176.7,197.7,209.0,464.3,451.3,374.0
124.0,302.0,405.7,293.3,178.0,199.0,210.7,467.3,454.0,377.0
125.0,304.0,408.7,295.7,179.3,200.3,212.3,470.3,457.0,379.0
126.0,306.0,411.3,297.7,181.0,202.0,213.7,473.0,459.7,381.0
127.0,308.0,414.0,300.0,182.3,203.3,215.7,476.0,462.3,384.0
128.0,310.0,416.7,301.7,183.7,204.7,217.0,478.7,465.7,387.0
129.0,312.0,419.7,303.3,184.7,206.3,218.3,481.7,468.0,389.0
130.0,313.0,422.0,305.7,186.3,208.0,220.0,484.7,470.7,392.0
131.0,316.0,425.0,307.3,187.7,209.7,221.3,487.3,473.7,395.0
132.0,318.0,427.3,309.7,189.0,211.0,222.7,490.3,476.3,397.0
133.0,320.0,430.0,312.0,190.0,212.3,224.3,493.3,479.0,400.0
134.0,322.0,432.7,313.7,192.0,213.7,226.0,496.3,481.7,402.0
135.0,324.0,435.3,315.3,193.0,215.0,227.7,499.0,484.3,405.0
136.0,326.0,438.0,317.7,194.3,216.7,229.0,502.0,487.0,407.0
137.0,327.0,440.7,319.7,195.7,218.0,231.0,505.0,489.7,410.0
138.0,329.0,443.3,321.3,197.3,219.7,232.3,507.3,492.3,413.0
139.0,331.0,446.0,323.7,198.3,221.0,233.7,510.3,495.0,415.0
140.0,333.0,448.3,325.3,199.7,222.3,235.3,513.0,497.3,417.0
141.0,335.0,451.0,327.3,201.0,224.0,237.0,516.0,500.3,420.0
142.0,337.0,453.7,329.3,202.7,225.7,238.3,519.0,503.0,423.0
143.0,339.0,456.0,331.0,204.0,227.0,239.7,521.0,505.7,425.0
144.0,341.0,458.7,333.3,205.3,228.3,241.3,524.0,508.0,427.0
145.0,343.0,461.3,335.3,206.7,230.0,243.0,526.7,510.7,430.0
146.0,345.0,463.7,336.7,208.0,231.3,244.3,529.3,513.3,432.0
147.0,347.0,466.3,339.0,209.3,232.7,246.0,532.0,516.0,435.0
148.0,349.0,468.7,341.0,211.0,234.0,247.7,535.0,518.3,437.0
149.0,351.0,471.3,343.0,212.0,235.3,249.0,537.3,521.0,439.0
150.0,353.0,474.0,344.7,213.3,236.7,250.7,539.7,523.7,442.0
151.0,354.0,476.3,346.7,214.7,238.3,252.3,542.7,526.3,445.0
152.0,356.0,478.7,348.3,216.0,240.0,253.3,545.3,528.7,447.0
153.0,358.0,481.3,350.7,217.3,241.3,255.0,548.3,531.0,449.0
154.0,360.0,483.7,352.0,218.7,242.7,256.7,550.3,533.7,452.0
155.0,362.0,486.0,354.0,220.0,244.3,258.0,553.3,536.0,454.0
156.0,364.0,489.0,356.0,221.3,245.7,259.7,556.0,538.7,457.0
157.0,366.0,491.3,358.0,222.7,247.3,261.0,558.7,541.0,459.0
158.0,368.0,493.3,360.0,224.0,249.0,262.3,561.0,543.3,461.0
159.0,369.0,496.0,361.3,225.3,250.0,264.0,563.7,546.0,464.0
160.0,371.0,498.3,363.7,226.7,251.3,265.3,566.3,548.3,466.0
161.0,373.0,500.7,365.3,228.3,252.7,267.0,568.7,551.0,469.0
162.0,375.0,503.3,367.0,229.3,254.0,268.7,571.0,553.3,471.0
163.0,377.0,505.3,368.7,230.7,255.3,270.0,573.7,555.3,473.0
164.0,379.0,508.0,370.7,232.0,257.0,271.3,576.3,558.3,476.0
165.0,380.0,510.7,373.0,233.0,258.3,272.7,579.0,560.7,478.0
166.0,382.0,512.7,374.3,234.7,259.7,274.3,581.0,562.7,480.0
167.0,384.0,515.0,376.3,236.0,261.0,276.0,583.7,565.0,483.0
168.0,386.0,517.0,378.3,237.3,262.3,277.3,586.3,567.0,485.0
169.0,388.0,520.0,379.7,238.3,264.0,278.7,588.7,570.0,487.0
170.0,389.0,522.0,381.7,240.0,265.7,280.3,590.7,572.0,490.0
171.0,391.0,524.3,383.7,241.0,267.0,281.7,593.7,574.3,492.0
172.0,393.0,526.7,385.7,242.3,268.3,283.3,596.0,577.0,494.0
173.0,395.0,529.0,387.0,243.7,269.7,284.7,598.7,579.0,497.0
174.0,397.0,531.3,389.0,245.0,271.0,286.3,600.7,581.0,498.0
175.0,398.0,533.7,390.7,246.3,272.3,287.3,603.3,583.7,501.0
176.0,400.0,536.0,392.7,247.7,273.3,289.0,605.3,585.7,503.0
177.0,402.0,538.3,394.3,249.0,274.7,290.3,608.0,588.3,506.0
178.0,404.0,540.3,396.0,250.0,276.7,292.3,610.3,590.3,508.0
179.0,405.0,543.0,397.7,251.7,278.0,293.3,612.3,592.7,510.0
180.0,407.0,545.0,399.7,252.7,279.3,294.7,614.3,594.7,512.0
181.0,409.0,547.3,401.3,254.3,280.7,296.3,617.3,596.7,515.0
182.0,411.0,549.7,403.3,255.3,282.0,298.0,619.3,599.7,517.0
183.0,412.0,552.0,404.7,257.0,283.3,299.3,621.7,601.3,519.0
184.0,414.0,554.0,406.7,258.0,284.3,300.7,624.3,603.7,521.0
185.0,416.0,556.0,408.3,259.3,286.0,302.0,626.3,606.0,524.0
186.0,417.0,558.3,410.0,260.3,287.3,303.7,628.3,608.0,526.0
187.0,419.0,560.7,412.0,261.7,288.7,305.0,631.0,610.0,528.0
188.0,421.0,562.7,413.7,263.3,290.0,306.3,633.3,612.0,530.0
189.0,423.0,565.0,415.3,264.3,291.3,307.7,635.7,614.7,532.0
190.0,424.0,567.3,417.3,265.7,293.0,309.3,637.7,616.7,534.0
191.0,426.0,569.3,418.7,267.3,293.7,310.7,640.0,618.7,536.0
192.0,427.0,571.7,420.3,268.0,295.3,312.0,642.3,620.7,539.0
193.0,429.0,573.7,422.3,269.7,297.0,313.3,644.0,623.0,541.0
194.0,431.0,575.7,424.0,270.7,298.7,315.3,646.7,625.0,543.0
195.0,433.0,578.0,425.7,272.0,300.0,316.3,648.7,627.0,545.0
196.0,434.0,580.0,427.3,273.3,301.3,317.7,650.7,629.0,547.0
197.0,436.0,582.3,429.0,274.7,302.7,319.0,653.0,631.0,550.0
198.0,437.0,584.3,430.7,276.0,303.7,320.3,655.3,633.0,551.0
199.0,439.0,587.0,432.7,277.3,305.0,322.0,657.3,635.0,554.0
200.0,441.0,588.7,434.0,278.7,306.3,323.3,659.7,637.0,556.0
201.0,442.0,591.0,436.0,280.0,308.0,325.0,661.7,639.0,558.0
202.0,444.0,593.0,437.3,281.3,309.3,326.0,663.7,641.0,560.0
203.0,446.0,595.0,439.3,282.3,310.3,327.3,665.7,643.0,562.0
204.0,447.0,597.3,440.7,283.3,311.7,329.3,668.0,645.0,564.0
205.0,449.0,599.3,442.3,285.0,313.3,330.3,669.7,647.0,566.0
206.0,450.0,601.0,444.0,286.3,314.7,331.7,672.0,649.0,568.0
207.0,452.0,603.3,445.7,287.7,316.0,333.3,674.0,651.3,570.0
208.0,454.0,605.3,447.3,288.7,317.0,334.3,676.0,653.3,572.0
209.0,455.0,607.7,449.3,289.7,318.3,336.0,678.0,655.0,574.0
210.0,457.0,609.3,450.7,291.0,319.7,337.3,680.0,656.7,577.0
211.0,459.0,611.7,452.3,292.7,321.3,339.0,682.0,659.0,579.0
212.0,460.0,613.7,453.7,293.7,322.7,340.0,684.0,661.0,581.0
213.0,462.0,615.3,455.7,295.0,323.7,341.3,686.0,662.7,583.0
214.0,463.0,617.7,457.0,296.0,325.0,342.3,688.3,664.7,585.0
215.0,465.0,619.0,459.0,297.3,326.3,344.3,690.3,666.3,587.0
216.0,466.0,621.0,460.3,298.7,327.3,345.7,692.3,668.3,589.0
217.0,468.0,623.0,462.0,300.3,328.7,346.7,694.0,670.3,590.0
218.0,470.0,625.3,463.7,301.3,330.0,348.3,695.7,672.0,593.0
219.0,471.0,627.0,465.0,302.3,332.0,350.0,698.0,673.7,595.0
220.0,472.0,629.0,466.7,303.7,333.0,351.0,700.0,675.7,597.0
221.0,474.0,631.3,468.3,305.0,334.0,352.3,701.7,677.7,599.0
222.0,476.0,633.3,470.3,306.3,335.7,353.7,703.7,679.7,601.0
223.0,477.0,635.3,472.0,307.7,337.0,355.0,706.0,681.3,603.0
224.0,479.0,637.3,473.0,308.7,338.3,356.7,707.3,683.0,604.0
225.0,480.0,639.3,474.7,310.0,339.3,357.7,709.3,684.7,607.0
226.0,482.0,641.0,476.0,311.0,340.7,359.3,711.3,686.7,609.0
227.0,483.0,643.0,478.3,312.0,342.0,360.7,713.3,688.3,611.0
228.0,485.0,644.7,479.3,314.0,343.3,361.7,715.0,690.0,612.0
229.0,486.0,646.7,481.0,315.0,344.7,363.3,717.0,692.0,614.0
230.0,488.0,648.3,482.7,316.0,345.7,365.0,718.7,693.3,616.0
231.0,489.0,650.7,484.0,317.3,347.3,366.0,721.0,695.3,618.0
232.0,491.0,652.3,486.0,318.3,348.3,367.3,722.0,697.3,620.0
233.0,492.0,654.0,487.3,319.3,349.7,368.3,724.0,699.0,622.0
234.0,494.0,656.0,489.0,321.3,351.0,370.0,726.0,700.7,624.0
235.0,495.0,658.0,490.3,322.3,352.0,371.7,728.0,702.3,626.0
236.0,496.0,659.7,491.7,323.7,353.7,372.7,729.7,704.0,627.0
237.0,498.0,661.7,493.7,324.7,355.0,374.0,731.7,706.0,629.0
238.0,500.0,663.3,494.7,325.7,356.3,375.0,733.3,707.3,631.0
239.0,501.0,665.3,497.0,327.0,357.3,376.7,735.3,709.3,633.0
240.0,502.0,667.3,498.0,328.3,358.7,378.0,737.3,711.0,635.0
241.0,504.0,669.3,499.3,329.7,359.7,379.3,738.7,712.3,637.0
242.0,505.0,670.7,501.0,331.0,361.0,381.0,740.3,714.0,639.0
243.0,507.0,672.3,502.7,332.0,362.3,382.0,742.3,716.0,641.0
244.0,508.0,674.3,504.3,333.0,363.3,383.3,743.7,717.7,643.0
245.0,510.0,676.3,505.3,334.3,364.7,384.3,745.3,719.0,644.0
246.0,511.0,678.0,507.3,335.7,366.0,386.0,747.3,720.7,646.0
247.0,513.0,679.7,508.7,337.3,367.0,387.3,749.0,722.3,648.0
248.0,514.0,681.3,510.0,338.3,368.3,388.7,750.7,723.7,650.0
249.0,515.0,683.3,511.3,339.3,369.3,390.0,752.3,725.3,652.0
250.0,517.0,685.0,513.3,340.3,370.7,391.0,754.0,727.3,653.0
251.0,518.0,686.7,514.3,341.7,372.3,392.0,755.7,728.7,655.0
252.0,520.0,688.3,516.3,342.7,373.3,393.7,757.7,730.7,657.0
253.0,521.0,690.0,517.7,344.0,374.7,395.3,759.0,732.0,659.0
254.0,523.0,692.0,518.7,345.7,376.0,396.3,761.0,733.7,661.0
255.0,524.0,693.7,520.7,346.7,377.3,397.7,762.3,735.0,662.0
256.0,526.0,695.0,522.0,347.7,378.7,398.7,764.0,736.3,664.0
257.0,527.0,697.0,523.3,349.0,380.0,400.3,765.7,738.3,666.0
258.0,528.0,699.0,524.7,350.0,381.0,401.3,767.0,739.7,668.0
259.0,529.0,701.0,526.3,351.3,382.3,402.7,768.7,741.3,669.0
260.0,531.0,702.0,527.7,352.7,383.3,404.0,770.3,743.0,671.0
261.0,532.0,704.0,529.0,353.7,384.7,405.7,772.0,744.3,673.0
262.0,534.0,705.7,530.7,355.0,386.0,406.7,773.3,746.0,675.0
263.0,535.0,707.3,531.7,356.3,387.0,408.0,775.0,747.3,676.0
264.0,536.0,709.0,533.3,357.3,388.3,409.0,776.3,748.7,678.0
265.0,538.0,710.7,535.0,358.3,389.3,410.7,778.0,750.7,679.0
266.0,539.0,712.3,536.3,359.7,390.7,411.7,780.0,751.7,681.0
267.0,540.0,714.0,538.0,361.0,391.7,413.0,781.0,753.3,683.0
268.0,542.0,715.7,539.0,362.0,393.0,414.3,782.7,754.7,685.0
269.0,543.0,717.0,540.7,363.0,394.0,415.7,784.7,756.3,686.0
270.0,544.0,718.7,542.0,364.3,395.3,416.7,785.7,757.7,687.0
271.0,546.0,720.7,543.7,365.7,396.3,418.3,787.3,759.0,689.0
272.0,547.0,722.0,544.7,367.0,397.7,419.3,789.0,761.0,691.0
273.0,548.0,723.7,546.0,368.0,399.0,420.7,790.3,762.3,693.0
274.0,550.0,725.3,547.7,369.0,400.0,421.7,792.0,763.7,694.0
275.0,551.0,727.0,549.0,370.0,401.3,423.0,793.3,765.0,696.0
276.0,552.0,728.7,550.3,371.3,402.3,424.7,794.7,766.3,697.0
277.0,554.0,730.0,552.0,372.7,403.7,425.7,796.3,768.0,699.0
278.0,555.0,731.7,553.0,373.7,404.7,427.0,797.7,769.3,701.0
279.0,556.0,733.0,554.7,375.3,406.0,428.0,799.3,770.3,702.0
280.0,557.0,735.0,556.0,376.3,407.0,429.3,801.0,772.0,704.0
281.0,559.0,736.3,557.3,377.3,408.3,430.3,802.0,773.0,706.0
282.0,560.0,738.0,558.7,378.3,409.3,432.3,803.7,774.7,708.0
283.0,561.0,739.3,560.0,379.7,410.7,433.3,805.0,776.0,709.0
284.0,563.0,741.0,561.7,380.7,411.7,434.7,806.3,777.3,711.0
285.0,564.0,742.7,562.7,382.0,413.0,435.7,807.7,779.0,712.0
286.0,565.0,744.0,564.0,383.3,414.0,436.7,809.0,780.0,714.0
287.0,567.0,745.7,565.3,384.3,415.3,438.0,810.7,781.3,715.0
288.0,568.0,747.0,567.0,385.3,416.7,439.0,812.0,782.7,717.0
289.0,569.0,748.7,568.0,386.3,417.7,440.7,813.3,784.3,718.0
290.0,570.0,750.3,569.3,387.7,418.7,441.7,814.7,785.3,720.0
291.0,572.0,751.7,571.0,389.0,420.0,442.7,816.0,786.3,721.0
292.0,573.0,753.3,572.3,390.0,421.0,444.3,817.3,788.0,723.0
293.0,574.0,754.7,573.7,391.3,422.3,445.3,818.7,789.3,724.0
294.0,575.0,756.3,575.0,392.3,423.3,446.7,820.3,790.3,726.0
295.0,577.0,757.7,576.3,393.3,425.0,447.7,821.3,792.0,727.0
296.0,578.0,759.3,577.7,394.3,425.7,449.0,823.0,793.0,729.0
297.0,579.0,760.7,579.0,396.0,427.0,450.3,824.0,794.7,730.0
298.0,580.0,762.3,580.3,397.0,428.0,451.3,825.7,795.7,732.0
299.0,581.0,763.3,581.7,398.0,429.3,453.0,826.7,797.0,734.0
300.0,583.0,765.0,583.0,399.0,430.3,453.7,828.0,798.3,735.0
301.0,584.0,766.7,584.0,400.7,431.3,455.0,829.0,799.3,736.0
302.0,585.0,767.7,585.3,401.7,432.7,456.7,830.3,801.0,738.0
303.0,586.0,769.0,587.0,402.7,433.7,457.7,832.0,802.0,740.0
304.0,588.0,770.7,588.0,404.0,435.0,458.7,833.0,803.3,741.0
305.0,589.0,772.0,589.3,405.0,436.0,460.0,834.7,804.7,742.0
306.0,590.0,773.7,591.0,406.3,437.3,461.0,835.7,805.7,744.0
307.0,591.0,775.0,592.0,407.3,438.3,462.3,837.0,806.7,745.0
308.0,593.0,776.3,593.0,408.3,439.7,463.3,838.3,808.3,746.0
309.0,594.0,778.0,594.3,409.7,440.7,464.3,839.3,809.3,748.0
310.0,595.0,779.0,596.0,410.7,441.7,465.7,841.0,811.0,749.0
311.0,596.0,781.0,597.0,411.7,443.0,467.3,842.0,812.0,751.0
312.0,597.0,782.0,598.3,413.0,444.0,468.0,843.3,813.3,752.0
313.0,598.0,783.7,599.3,414.3,445.3,469.7,844.3,814.0,754.0
314.0,600.0,785.0,601.0,415.3,446.3,470.7,845.7,815.3,755.0
315.0,601.0,786.0,602.3,416.0,447.3,471.7,847.0,816.7,757.0
316.0,602.0,787.7,603.3,417.3,448.7,473.0,848.0,817.7,758.0
317.0,603.0,789.0,604.3,418.7,449.7,474.0,849.0,818.7,759.0
318.0,604.0,790.3,606.0,419.7,451.0,475.3,850.3,820.0,761.0
319.0,605.0,791.3,607.3,421.0,452.0,476.7,851.7,821.3,762.0
320.0,607.0,792.7,608.3,421.7,453.0,477.7,852.7,822.3,763.0
321.0,608.0,794.3,610.0,423.3,454.0,478.7,853.7,823.7,764.0
322.0,609.0,795.3,611.0,424.3,455.3,480.0,855.0,824.7,766.0
323.0,610.0,796.7,612.0,425.0,456.3,481.3,856.0,825.7,768.0
324.0,611.0,798.3,613.7,426.3,457.7,482.0,857.0,827.0,769.0
325.0,612.0,799.7,614.7,427.3,458.7,483.7,858.0,828.3,770.0
326.0,614.0,800.7,616.0,428.7,459.3,484.7,859.3,828.7,772.0
327.0,614.0,802.0,617.0,429.7,460.7,486.0,860.3,830.3,773.0
328.0,616.0,803.7,618.3,430.7,462.0,487.0,862.0,831.0,774.0
329.0,617.0,804.7,619.7,431.7,463.0,488.3,863.0,832.3,776.0
330.0,618.0,805.7,621.0,432.7,464.0,489.3,864.0,833.3,777.0
331.0,619.0,807.0,622.0,434.0,465.0,490.3,865.0,834.3,778.0
332.0,620.0,808.7,623.0,435.0,465.7,491.3,866.7,835.7,779.0
333.0,621.0,810.0,624.0,436.3,467.3,492.7,867.3,836.7,781.0
334.0,622.0,811.0,626.0,437.3,468.3,493.7,868.3,837.7,782.0
335.0,623.0,812.3,627.0,438.7,469.3,494.7,869.3,839.3,783.0
336.0,625.0,814.0,628.0,439.7,470.3,496.0,870.7,840.0,785.0
337.0,626.0,815.0,629.0,441.0,471.3,497.0,871.7,841.0,786.0
338.0,627.0,816.0,630.0,441.7,472.3,498.3,872.7,842.0,787.0
339.0,628.0,817.3,632.0,442.7,473.7,499.7,874.3,843.3,789.0
340.0,629.0,818.3,633.0,444.0,474.7,500.7,875.0,844.3,790.0
341.0,630.0,820.3,634.0,445.3,475.7,502.0,876.0,845.0,791.0
342.0,631.0,821.3,635.0,446.0,477.0,503.0,877.0,846.3,792.0
343.0,632.0,822.3,636.0,447.0,478.0,504.0,878.0,847.0,793.0
344.0,633.0,823.3,637.3,448.3,479.0,505.3,879.0,848.3,795.0
345.0,635.0,824.7,638.7,449.3,480.0,506.3,880.0,849.3,796.0
346.0,635.0,826.0,640.0,450.3,481.3,507.3,881.0,850.3,797.0
347.0,637.0,827.0,641.0,451.7,482.3,508.3,882.0,851.0,798.0
348.0,638.0,828.3,642.0,452.7,483.3,509.7,883.0,852.0,800.0
349.0,639.0,829.7,643.3,453.7,484.3,511.0,884.0,853.0,801.0
350.0,640.0,830.7,644.3,455.0,485.7,512.0,884.7,854.3,802.0
351.0,641.0,831.7,645.3,456.0,486.3,513.0,886.0,855.3,804.0
352.0,642.0,833.3,647.0,457.0,487.7,514.0,887.0,856.3,805.0
353.0,643.0,834.3,647.3,458.0,489.0,515.3,888.0,857.3,806.0
354.0,644.0,835.3,649.0,459.0,489.3,516.3,888.7,858.0,807.0
355.0,645.0,836.7,650.3,460.0,490.3,517.3,889.7,859.0,808.0
356.0,646.0,837.7,651.3,461.3,491.3,518.3,891.0,860.0,809.0
357.0,647.0,838.7,652.3,462.3,492.7,519.7,892.0,861.0,811.0
358.0,648.0,840.0,653.3,463.3,493.7,520.7,893.0,862.0,812.0
359.0,649.0,841.0,654.3,464.3,494.7,521.7,894.0,863.3,813.0
360.0,650.0,842.3,655.7,465.3,495.7,522.7,894.7,863.7,814.0
361.0,651.0,843.3,656.7,466.3,497.0,523.7,895.7,864.7,816.0
362.0,652.0,845.0,658.0,467.3,498.0,524.7,896.3,865.7,817.0
363.0,653.0,846.0,659.3,468.7,499.0,526.0,897.3,866.7,818.0
364.0,654.0,847.0,660.3,469.7,500.0,527.3,898.3,867.7,819.0
365.0,655.0,848.0,661.3,470.7,501.3,528.3,899.0,868.3,820.0
366.0,656.0,849.0,662.3,471.7,502.3,529.0,900.0,869.7,821.0
367.0,657.0,850.3,663.3,472.7,503.3,530.3,901.7,870.3,822.0
368.0,658.0,851.3,664.7,473.7,504.0,531.7,901.7,871.0,823.0
369.0,659.0,852.3,666.0,474.7,505.0,533.0,902.7,872.0,824.0
370.0,660.0,853.3,667.0,476.0,505.7,533.7,904.0,873.0,826.0
371.0,662.0,854.7,668.3,477.0,507.0,535.0,904.7,874.0,827.0
372.0,662.0,856.0,669.0,478.0,508.0,536.0,905.7,875.0,828.0
373.0,663.0,856.7,670.3,479.0,509.0,537.0,906.7,876.0,829.0
374.0,664.0,858.0,671.3,480.0,510.0,538.0,907.3,876.7,830.0
375.0,666.0,858.7,672.3,481.0,511.0,539.3,908.3,877.7,831.0
376.0,666.0,860.0,673.3,482.3,512.0,540.3,909.3,878.3,832.0
377.0,667.0,861.3,674.3,483.3,513.3,541.3,910.0,879.3,833.0
378.0,668.0,862.3,675.7,484.3,514.0,542.3,911.0,880.0,834.0
379.0,669.0,863.3,676.3,485.3,515.0,543.3,912.0,880.7,835.0
380.0,670.0,864.3,677.3,486.3,516.0,544.3,912.3,881.7,836.0
381.0,671.0,865.3,678.7,487.3,517.0,545.3,913.3,882.3,837.0
382.0,672.0,866.7,680.0,488.3,517.7,546.7,914.3,883.7,838.0
383.0,673.0,867.7,681.0,489.3,519.0,547.7,915.0,884.0,840.0
384.0,674.0,868.7,682.0,490.7,520.3,548.7,916.0,885.0,841.0
385.0,675.0,869.7,683.0,491.7,521.0,549.7,916.7,886.0,842.0
386.0,676.0,870.7,684.0,492.7,522.0,550.7,917.7,886.7,843.0
387.0,677.0,871.3,685.0,493.7,523.0,551.7,918.7,887.3,844.0
388.0,678.0,872.3,686.0,494.7,524.0,552.7,919.3,888.3,844.0
389.0,679.0,873.7,687.0,495.7,525.0,553.7,920.0,889.0,846.0
390.0,680.0,874.7,688.0,496.7,526.0,555.0,920.7,890.0,847.0
391.0,681.0,875.7,689.0,498.0,527.0,556.0,921.7,891.0,848.0
392.0,682.0,876.7,690.3,499.0,528.0,557.0,922.3,891.7,849.0
393.0,683.0,877.7,690.7,500.0,529.0,558.0,923.3,892.3,850.0
394.0,684.0,878.7,692.3,501.0,530.0,559.0,924.3,893.3,851.0
395.0,685.0,879.7,693.3,501.7,530.7,559.7,924.7,894.0,852.0
396.0,686.0,880.0,694.7,502.7,531.7,561.0,925.7,894.3,853.0
397.0,686.0,881.3,695.7,504.0,532.7,562.0,926.3,895.3,854.0
398.0,688.0,882.3,696.7,504.7,534.0,563.0,927.3,896.0,855.0
399.0,688.0,883.3,697.3,505.7,535.0,564.0,928.0,897.0,856.0
400.0,689.0,884.3,698.3,507.0,535.7,565.3,928.7,897.7,857.0
401.0,690.0,885.3,699.3,508.0,536.7,566.0,929.0,898.7,858.0
402.0,691.0,886.3,700.3,509.0,537.7,567.0,930.0,899.3,859.0
403.0,692.0,887.3,701.3,510.0,538.7,568.0,930.7,900.3,860.0
404.0,693.0,888.0,702.3,511.0,539.7,569.0,931.7,901.0,861.0
405.0,694.0,889.0,703.3,512.0,540.7,570.0,932.3,902.0,862.0
406.0,695.0,890.0,704.3,512.7,541.3,571.0,933.0,902.3,863.0
407.0,696.0,891.0,705.3,513.7,542.3,572.0,933.7,903.3,864.0
408.0,697.0,892.0,706.3,514.7,543.3,573.0,934.7,904.0,864.0
409.0,698.0,893.0,707.3,515.7,544.3,574.0,935.7,904.7,866.0
410.0,698.0,893.7,708.3,516.7,545.3,575.0,936.0,905.7,866.0
411.0,699.0,894.3,709.3,517.7,546.3,576.0,936.3,906.3,867.0
412.0,700.0,895.3,710.7,519.0,547.3,577.0,937.7,907.3,868.0
413.0,701.0,896.7,711.0,519.7,548.3,578.0,938.3,908.0,869.0
414.0,702.0,897.3,712.3,521.0,549.3,579.0,938.7,908.3,870.0
415.0,703.0,898.7,713.3,521.7,550.0,580.0,939.7,909.3,871.0
416.0,704.0,899.3,714.0,523.0,551.0,581.3,940.3,909.7,872.0
417.0,705.0,900.3,715.3,524.0,551.7,582.0,941.0,910.7,873.0
418.0,706.0,901.3,716.3,524.7,552.7,583.0,941.3,911.0,874.0
419.0,707.0,902.0,717.3,525.7,553.7,584.0,942.0,912.3,875.0
420.0,707.0,903.0,718.3,527.0,554.7,585.3,943.3,912.7,876.0
421.0,708.0,903.7,719.0,527.7,555.7,586.3,943.3,913.3,876.0
422.0,709.0,904.7,720.0,528.7,556.7,587.3,944.3,914.3,877.0
423.0,710.0,905.7,721.0,529.7,557.3,588.3,945.0,915.0,878.0
424.0,711.0,906.7,722.0,530.3,558.7,589.3,946.0,915.3,879.0
425.0,711.0,907.3,723.0,531.7,559.0,590.3,946.3,916.3,880.0
426.0,713.0,908.0,724.0,532.3,560.0,591.3,947.0,916.7,881.0
427.0,714.0,909.0,724.7,533.0,561.0,592.3,947.7,917.3,882.0
428.0,714.0,910.0,725.7,534.7,562.0,593.3,948.3,918.3,883.0
429.0,715.0,911.0,726.7,535.7,563.0,594.0,949.0,918.7,883.0
430.0,716.0,911.7,727.7,536.3,564.0,594.7,950.0,919.3,884.0
431.0,717.0,912.3,728.7,537.7,564.7,595.7,950.0,920.3,885.0
432.0,718.0,913.0,729.7,538.3,566.0,596.7,950.7,921.0,886.0
433.0,718.0,914.3,730.7,539.3,566.3,597.7,951.7,921.3,887.0
434.0,719.0,914.7,731.0,540.3,567.3,598.7,952.3,922.3,887.0
435.0,720.0,915.3,732.3,541.3,568.3,599.7,952.7,922.7,888.0
436.0,721.0,916.3,733.3,542.3,569.3,600.7,953.3,923.7,889.0
437.0,722.0,917.0,734.0,543.0,570.3,601.7,954.0,924.0,890.0
438.0,723.0,918.0,735.3,544.0,571.3,602.7,954.7,924.7,891.0
439.0,723.0,919.0,735.7,545.0,572.0,603.7,955.0,925.7,892.0
440.0,724.0,919.7,736.7,546.0,572.7,604.7,956.0,926.3,892.0
441.0,725.0,920.3,737.3,547.0,574.0,605.3,956.3,926.3,894.0
442.0,726.0,921.3,738.3,547.7,574.7,606.3,957.0,927.3,895.0
443.0,727.0,922.3,739.3,549.0,575.7,607.3,957.7,928.0,895.0
444.0,727.0,922.7,740.0,549.7,576.7,608.3,958.3,928.7,896.0
445.0,728.0,923.7,741.3,550.7,577.7,609.3,959.0,929.3,897.0
446.0,729.0,924.7,742.0,551.7,578.7,610.3,959.3,930.0,897.0
447.0,730.0,925.0,743.0,552.7,579.0,611.0,960.0,930.3,898.0
448.0,731.0,926.0,743.7,553.7,580.0,611.7,960.7,930.7,899.0
449.0,732.0,926.7,745.0,554.3,581.0,612.7,961.0,932.0,900.0
450.0,732.0,927.3,745.7,555.3,582.0,613.7,962.0,932.3,901.0
451.0,733.0,928.3,746.7,556.3,583.0,614.7,962.3,932.3,901.0
452.0,734.0,929.3,747.7,557.3,584.0,615.7,963.0,933.3,902.0
453.0,735.0,930.0,748.7,558.3,585.0,616.7,963.7,933.7,903.0
454.0,735.0,930.7,749.0,559.0,585.3,617.7,964.0,934.3,904.0
455.0,736.0,931.7,750.0,560.0,586.7,618.7,964.3,934.7,905.0
456.0,737.0,932.3,751.0,561.0,587.3,619.7,965.3,935.3,905.0
457.0,738.0,933.0,751.7,562.0,588.0,620.7,965.7,936.0,906.0
458.0,739.0,933.7,752.7,563.0,589.0,621.3,966.0,936.3,907.0
459.0,739.0,934.7,753.7,564.0,589.7,622.0,967.0,937.0,907.0
460.0,740.0,935.0,754.7,564.7,590.7,623.0,967.0,937.7,908.0
461.0,741.0,936.0,755.3,565.7,591.7,624.0,968.0,938.0,909.0
462.0,742.0,937.0,756.0,566.7,592.3,624.7,968.7,938.3,910.0
463.0,743.0,937.3,757.0,567.7,593.3,625.7,968.7,939.0,910.0
464.0,744.0,938.3,757.3,568.3,594.3,626.7,969.7,939.3,911.0
465.0,744.0,938.7,758.3,569.7,595.0,627.7,970.0,940.0,912.0
466.0,745.0,939.3,759.3,570.3,596.0,628.7,970.7,940.7,913.0
467.0,746.0,940.3,760.3,571.3,596.7,629.7,971.3,941.0,913.0
468.0,746.0,941.0,761.0,572.3,597.3,630.7,971.7,941.3,914.0
469.0,747.0,941.7,762.0,573.0,598.3,631.7,971.7,942.0,915.0
470.0,748.0,942.0,763.0,574.0,599.3,632.7,972.7,942.3,916.0
471.0,749.0,943.0,763.3,575.0,600.0,633.0,973.3,943.0,916.0
472.0,749.0,944.0,764.0,575.7,601.0,633.7,973.7,943.7,917.0
473.0,750.0,944.3,765.3,576.7,602.0,634.7,974.3,944.0,917.0
474.0,751.0,945.3,766.0,577.7,602.7,635.7,974.7,944.3,918.0
475.0,752.0,946.0,767.0,578.7,603.7,636.7,975.3,945.0,919.0
476.0,752.0,946.3,767.7,579.3,604.3,637.7,975.7,945.3,920.0
477.0,753.0,947.3,768.7,580.3,605.0,638.7,976.3,946.0,921.0
478.0,754.0,947.7,769.3,581.3,606.0,639.7,976.3,946.7,921.0
479.0,755.0,948.7,770.0,582.3,607.0,640.7,977.0,946.7,922.0
480.0,755.0,949.3,771.0,583.3,608.0,641.0,977.7,947.7,922.0
481.0,756.0,949.7,772.0,584.0,608.7,641.7,978.0,948.0,923.0
482.0,757.0,950.7,772.3,585.0,609.3,642.7,978.3,948.7,924.0
483.0,758.0,951.3,773.3,586.0,610.0,643.7,979.3,949.0,924.0
484.0,758.0,952.0,774.0,587.0,611.0,644.7,979.3,949.3,925.0
485.0,759.0,952.7,775.0,587.7,612.0,645.7,980.0,949.7,926.0
486.0,760.0,953.3,775.7,588.7,613.0,646.7,980.3,950.0,926.0
487.0,760.0,954.0,776.3,589.7,613.7,647.3,981.0,950.7,927.0
488.0,761.0,954.7,777.3,590.3,614.3,647.7,981.3,951.3,928.0
489.0,762.0,955.7,778.3,591.3,615.0,649.0,981.7,951.7,928.0
490.0,762.0,955.7,779.0,592.3,616.0,649.7,982.3,952.0,929.0
491.0,763.0,956.7,780.0,593.3,617.0,650.7,982.7,952.7,930.0
492.0,764.0,957.0,780.3,594.0,617.7,651.7,983.0,953.0,930.0
493.0,765.0,958.0,781.0,594.7,618.7,652.3,983.7,953.3,931.0
494.0,766.0,958.3,782.0,595.7,619.0,653.3,984.0,953.7,932.0
495.0,766.0,959.0,783.0,596.3,620.0,654.3,984.7,955.0,932.0
496.0,767.0,959.7,783.3,597.3,621.0,655.3,984.7,955.0,933.0
497.0,767.0,960.3,784.3,598.3,622.0,655.7,985.3,955.3,933.0
498.0,768.0,961.0,785.0,599.3,622.3,656.7,985.3,955.7,934.0
499.0,769.0,961.7,786.0,600.3,623.3,657.3,986.3,956.3,935.0
500.0,769.0,962.3,786.7,601.0,624.0,658.3,986.7,956.7,935.0
501.0,770.0,963.0,787.0,601.7,625.0,659.3,987.0,957.0,936.0
502.0,771.0,963.7,788.0,602.7,626.0,660.3,987.3,957.7,937.0
503.0,772.0,964.0,789.0,603.7,626.7,661.3,987.7,958.0,937.0
504.0,773.0,965.0,789.7,604.7,627.3,662.0,988.0,958.3,938.0
505.0,773.0,965.3,790.7,605.7,628.0,662.3,988.3,958.7,939.0
506.0,774.0,966.0,791.3,606.3,629.0,663.3,988.7,959.3,939.0
507.0,774.0,966.3,791.7,607.0,630.0,664.3,989.0,960.0,940.0
508.0,775.0,967.3,792.3,608.3,630.7,665.3,989.3,960.0,940.0
509.0,776.0,967.7,793.3,608.7,631.3,666.3,989.7,960.3,941.0
510.0,776.0,968.3,794.3,609.7,632.0,667.0,990.0,960.7,941.0
511.0,777.0,968.7,794.7,610.7,633.0,667.7,990.3,961.3,942.0
512.0,778.0,969.7,795.3,611.3,634.0,668.3,990.3,961.7,942.0
513.0,778.0,970.0,796.3,612.0,635.0,669.3,991.0,961.7,943.0
514.0,779.0,970.7,797.0,613.0,635.0,670.3,991.0,962.3,944.0
515.0,780.0,971.3,798.0,614.0,636.0,671.0,991.7,962.7,944.0
516.0,780.0,971.7,798.3,615.0,637.0,672.0,992.0,963.0,945.0
517.0,781.0,972.3,799.3,616.0,638.0,673.0,992.0,963.7,945.0
518.0,782.0,973.0,800.0,616.3,638.7,673.7,992.7,963.7,946.0
519.0,782.0,973.7,801.0,617.3,639.0,674.0,992.7,964.3,947.0
520.0,783.0,974.3,801.7,618.3,640.0,675.0,992.7,964.7,947.0
521.0,784.0,974.7,802.0,619.0,641.0,676.0,993.3,965.0,948.0
522.0,784.0,975.3,803.0,620.3,641.7,677.0,993.7,965.3,948.0
523.0,785.0,975.7,803.7,620.7,642.3,678.0,994.0,965.7,949.0
524.0,786.0,976.3,804.7,621.7,643.3,678.3,994.3,966.0,949.0
525.0,786.0,976.7,804.7,622.3,644.0,679.0,994.7,966.7,950.0
526.0,787.0,977.3,805.7,623.3,644.7,680.0,995.0,966.7,950.0
527.0,787.0,978.0,806.7,624.3,645.7,681.0,995.0,967.3,951.0
528.0,788.0,978.7,807.3,625.3,646.3,682.0,995.7,967.7,951.0
529.0,789.0,979.0,807.7,625.7,647.0,682.7,996.0,968.0,952.0
530.0,790.0,980.0,808.7,626.7,647.7,683.0,996.0,968.0,953.0
531.0,790.0,980.0,809.3,627.3,648.7,684.0,996.3,968.7,953.0
532.0,791.0,980.7,810.0,628.3,649.3,685.0,997.0,969.0,953.0
533.0,791.0,981.3,810.7,629.3,649.7,685.7,997.0,969.3,954.0
534.0,792.0,981.7,811.3,630.0,651.0,686.7,997.3,969.7,955.0
535.0,793.0,982.3,812.3,631.0,651.7,687.7,997.7,970.3,955.0
536.0,793.0,983.0,813.0,631.7,652.3,688.0,998.0,970.3,956.0
537.0,794.0,983.0,813.3,632.7,653.0,688.7,998.0,970.7,956.0
538.0,794.0,984.0,814.0,633.7,653.7,689.7,998.7,971.0,957.0
539.0,795.0,984.3,815.0,634.3,654.7,690.7,998.7,971.3,957.0
540.0,796.0,985.0,815.0,635.0,655.7,691.7,998.7,971.7,958.0
541.0,796.0,985.3,816.0,635.7,656.0,692.0,999.3,971.7,958.0
542.0,797.0,986.0,816.7,636.7,656.7,693.0,999.3,972.3,959.0
543.0,798.0,986.3,817.7,637.7,658.0,693.7,999.7,944.5,959.0
544.0,798.0,987.0,818.0,638.3,658.3,694.3,999.7,945.0,960.0
545.0,799.0,987.3,819.0,639.3,659.0,695.0,1000.3,945.5,960.0
546.0,799.0,987.7,819.7,640.0,660.0,696.0,1000.7,945.5,961.0
547.0,800.0,988.7,820.0,641.0,660.3,696.7,1001.0,946.5,961.0
548.0,801.0,988.7,820.7,642.0,661.3,697.3,1001.0,947.0,962.0
549.0,801.0,989.7,821.7,642.3,662.3,698.3,1001.3,947.5,962.0
550.0,802.0,989.7,822.7,643.0,662.7,699.3,1001.7,948.0,963.0
551.0,802.0,990.7,822.7,644.0,663.3,700.0,1002.0,948.5,963.0
552.0,803.0,990.7,823.7,645.0,664.3,700.3,1002.0,949.0,964.0
553.0,804.0,991.3,824.3,645.7,665.0,701.3,1002.7,949.0,964.0
554.0,804.0,992.0,825.0,646.7,665.7,702.3,1002.7,950.0,965.0
555.0,805.0,992.3,825.3,647.0,666.7,702.7,1002.7,950.0,965.0
556.0,806.0,993.0,826.3,648.0,667.0,703.7,1003.3,951.0,966.0
557.0,806.0,993.7,827.0,649.0,667.7,704.3,1003.3,951.5,966.0
558.0,807.0,993.7,828.0,649.7,668.7,705.3,1004.0,952.0,966.0
559.0,807.0,994.3,828.0,650.7,669.7,706.0,1004.0,952.0,967.0
560.0,808.0,994.7,829.0,651.3,670.3,706.7,1004.3,952.5,968.0
561.0,808.0,995.0,829.7,652.0,670.7,707.7,1004.3,953.5,968.0
562.0,809.0,995.7,830.0,652.7,671.3,708.0,1004.7,953.5,969.0
563.0,810.0,996.0,830.7,653.7,672.3,709.0,1005.0,954.0,969.0
564.0,810.0,997.0,831.0,654.7,673.3,710.0,1005.0,954.5,969.0
565.0,811.0,997.0,832.0,655.3,673.3,710.7,1005.7,955.5,970.0
566.0,811.0,997.7,832.7,656.3,674.3,711.3,1005.7,955.5,970.0
567.0,812.0,998.0,833.3,657.3,675.3,712.3,1006.0,956.0,971.0
568.0,812.0,998.3,833.7,657.7,675.7,712.7,1006.3,956.0,971.0
569.0,813.0,998.7,834.7,658.3,676.3,713.3,1006.3,957.0,972.0
570.0,814.0,999.3,835.0,659.3,677.0,714.3,1006.3,957.5,972.0
571.0,814.0,1000.0,835.3,660.3,678.0,715.3,1007.0,957.5,972.0
572.0,815.0,1000.3,836.3,661.0,679.0,715.7,1007.0,958.0,973.0
573.0,815.0,1000.7,837.0,662.0,679.0,716.3,1007.3,959.0,973.0
574.0,816.0,1001.0,837.7,662.3,680.0,717.3,1007.3,959.0,974.0
575.0,817.0,1001.7,838.0,663.3,681.0,718.0,1008.0,959.5,974.0
576.0,817.0,1002.0,839.0,664.0,681.7,718.7,1008.0,960.0,975.0
577.0,818.0,1002.3,839.3,665.0,682.0,719.3,1008.0,960.5,975.0
578.0,818.0,1003.0,840.0,665.7,682.7,720.0,1008.7,961.0,975.0
579.0,819.0,1003.3,841.0,666.0,683.7,721.0,1008.7,961.5,976.0
580.0,819.0,1003.3,841.0,667.0,684.7,722.0,1008.7,962.0,976.0
581.0,820.0,1004.3,842.0,668.0,684.7,722.3,1009.0,962.5,977.0
582.0,820.0,1004.7,842.3,668.7,685.7,723.0,1009.7,962.5,977.0
583.0,821.0,1005.0,842.7,669.3,686.3,724.0,1009.7,963.0,978.0
584.0,821.0,1005.3,843.7,670.3,687.0,724.7,1009.7,963.5,978.0
585.0,822.0,1005.7,844.7,671.0,687.7,725.7,1010.0,964.0,979.0
586.0,823.0,1006.3,845.0,671.7,688.3,726.0,1010.3,964.5,979.0
587.0,823.0,1006.7,845.3,672.3,689.3,726.7,1010.3,964.5,979.0
588.0,824.0,1007.0,846.0,673.3,690.0,727.7,1010.3,965.5,979.0
589.0,824.0,1007.7,846.7,674.3,690.3,728.3,1011.0,965.5,980.0
590.0,825.0,1007.7,847.0,674.7,691.3,728.7,1011.0,966.0,980.0
591.0,825.0,1008.3,847.7,675.7,691.7,729.7,1011.3,966.5,981.0
592.0,826.0,1008.7,848.7,676.3,692.3,730.7,1011.7,967.0,981.0
593.0,827.0,1009.0,849.0,677.3,693.0,730.7,1011.7,967.5,982.0
594.0,827.0,1009.3,849.3,677.3,694.0,731.7,1011.7,967.5,982.0
595.0,828.0,1010.0,850.3,678.7,695.0,732.7,1012.0,968.0,982.0
596.0,828.0,1010.3,850.7,679.3,695.0,733.3,1012.3,968.5,983.0
597.0,829.0,1010.7,851.7,680.3,696.0,734.0,1012.7,969.0,983.0
598.0,829.0,1010.7,852.0,680.7,697.0,734.3,1012.7,969.0,983.0
599.0,830.0,1011.7,852.3,681.7,697.3,735.3,1012.7,970.0,984.0
600.0,830.0,1011.7,853.3,682.3,698.0,736.3,1013.3,970.5,984.0
601.0,831.0,1012.3,853.3,683.3,698.7,736.7,1013.3,970.5,985.0
602.0,831.0,1012.7,854.0,683.7,699.7,737.3,1013.3,970.5,985.0
603.0,832.0,1013.0,854.7,684.7,699.7,738.3,1013.7,971.5,985.0
604.0,833.0,1013.0,855.0,685.3,700.7,739.0,1014.0,971.5,986.0
605.0,833.0,1014.0,856.0,686.0,701.3,740.0,1014.3,972.0,986.0
606.0,834.0,1014.0,856.3,687.0,702.0,740.0,1014.3,972.5,986.0
607.0,834.0,1014.3,856.7,687.3,702.7,741.0,1014.3,973.0,987.0
608.0,834.0,1015.0,857.7,688.7,703.3,741.7,1015.0,973.5,987.0
609.0,835.0,1015.3,858.0,688.7,704.3,742.3,1015.0,973.5,988.0
610.0,835.0,1015.7,858.7,689.7,704.3,743.0,1015.0,974.0,988.0
611.0,836.0,1016.0,859.0,690.7,705.3,744.0,1015.3,974.5,988.0
612.0,837.0,1016.3,859.7,691.3,706.0,744.3,1015.7,975.0,989.0
613.0,837.0,1016.3,860.7,691.7,706.7,745.0,1015.7,975.0,989.0
614.0,838.0,1017.0,860.7,692.7,707.0,745.7,1016.0,975.0,989.0
615.0,838.0,1017.3,861.7,693.3,708.0,746.3,1016.0,976.0,989.0
616.0,839.0,1017.7,862.0,694.0,708.7,747.3,1016.0,976.0,990.0
617.0,839.0,1018.0,862.3,694.7,709.0,748.0,1016.3,977.0,990.0
618.0,839.0,1018.7,863.3,695.7,709.7,748.7,1016.7,977.0,991.0
619.0,840.0,1018.7,863.3,696.7,710.7,749.3,1016.7,977.5,991.0
620.0,841.0,1019.0,864.0,697.0,711.0,750.0,1016.7,977.5,992.0
621.0,841.0,1019.7,865.0,697.7,711.7,750.3,1017.3,978.0,992.0
622.0,842.0,1020.0,865.0,698.7,712.7,751.3,1017.3,978.0,992.0
623.0,842.0,1020.3,865.7,699.3,712.7,752.0,1017.3,978.5,992.0
624.0,843.0,1020.3,866.3,700.0,714.0,752.7,1017.7,979.0,993.0
625.0,843.0,1021.0,867.0,700.7,714.3,753.7,1017.7,979.5,993.0
626.0,844.0,1021.3,867.7,701.3,714.7,753.7,1017.3,979.5,993.0
627.0,844.0,1021.3,868.0,702.0,715.7,754.7,1017.7,980.0,993.0
628.0,845.0,1022.0,868.3,702.7,716.3,755.3,1018.0,980.5,994.0
629.0,845.0,1022.3,869.0,703.7,717.0,755.7,1018.3,980.5,994.0
630.0,846.0,1022.7,869.7,704.7,717.7,756.7,1018.3,981.5,994.0
631.0,846.0,1022.7,870.0,705.0,718.0,757.3,1018.3,981.5,995.0
632.0,847.0,1023.3,870.7,705.7,719.0,757.7,1018.3,982.0,995.0
633.0,847.0,1023.7,871.0,706.7,719.3,758.3,1018.3,982.0,995.0
634.0,848.0,1023.7,871.7,707.0,720.0,759.3,1018.7,982.5,996.0
635.0,848.0,1024.0,872.3,708.0,720.7,760.0,1018.7,983.0,996.0
636.0,848.0,1024.7,872.7,708.3,721.0,760.3,1018.7,983.0,996.0
637.0,849.0,1024.7,873.0,709.0,721.7,761.3,1018.7,983.5,996.0
638.0,850.0,1025.0,873.3,710.0,722.7,762.0,1018.7,984.0,997.0
639.0,850.0,1025.3,874.3,710.3,723.0,762.3,1018.7,984.0,997.0
640.0,850.0,1026.0,874.3,711.3,724.0,763.0,1018.7,984.5,997.0
641.0,851.0,1026.0,875.3,712.0,724.3,764.0,1019.0,985.0,997.0
642.0,851.0,1026.3,875.3,712.7,725.0,764.3,1019.3,985.0,998.0
643.0,852.0,1026.7,876.0,713.3,725.7,765.0,1019.3,985.5,998.0
644.0,852.0,1027.0,876.3,714.3,726.3,766.0,1019.0,985.5,998.0
645.0,853.0,1027.3,877.0,715.0,727.0,766.3,1019.7,986.0,998.0
646.0,853.0,1027.7,877.3,715.7,727.3,767.0,1019.7,986.5,999.0
647.0,854.0,1027.7,878.0,716.0,728.0,767.7,1019.7,986.5,999.0
648.0,854.0,1028.3,878.7,717.0,729.0,768.3,1019.7,987.5,999.0
649.0,854.0,1028.3,879.0,717.7,729.3,769.0,1020.0,987.5,1000.0
650.0,855.0,1028.7,879.7,718.3,730.0,769.7,1020.3,987.5,1000.0
651.0,855.0,1029.0,880.0,718.7,730.7,770.0,1020.7,988.0,1000.0
652.0,856.0,1029.3,880.7,719.7,731.3,771.0,1020.3,988.5,1000.0
653.0,856.0,1030.0,880.7,720.0,731.7,771.7,1020.7,988.5,1001.0
654.0,857.0,1030.0,881.7,721.0,732.7,772.3,1020.3,989.0,1001.0
655.0,857.0,1030.0,882.0,721.7,733.0,773.0,1022.5,989.0,1001.0
656.0,858.0,1030.7,882.3,722.3,733.7,773.3,1022.5,990.0,1001.0
657.0,858.0,1031.0,883.0,723.0,734.3,774.3,1023.0,990.0,1002.0
658.0,858.0,1031.0,883.3,724.0,735.0,774.7,1023.0,990.5,1002.0
659.0,859.0,1031.3,884.0,724.3,735.7,775.3,1022.5,991.0,1002.0
660.0,859.0,1032.0,884.7,725.0,736.3,776.0,1023.0,991.0,1002.0
661.0,860.0,1032.3,884.7,725.7,736.3,776.7,1023.5,991.0,1002.0
662.0,861.0,1032.3,885.3,726.7,737.0,777.3,1023.0,991.5,1003.0
663.0,861.0,1032.3,885.7,726.7,738.0,777.7,1023.0,992.0,1003.0
664.0,861.0,1033.0,886.3,727.7,738.3,778.3,1023.5,992.0,1004.0
665.0,862.0,1033.3,886.7,728.7,739.0,779.3,1023.5,992.5,1004.0
666.0,862.0,1033.3,887.0,729.0,739.7,779.3,1023.5,992.5,1004.0
667.0,863.0,1033.7,888.0,729.7,740.3,780.3,1023.5,992.5,1004.0
668.0,863.0,1034.0,888.0,730.7,740.7,781.0,1024.0,993.0,1004.0
669.0,864.0,1034.7,888.7,730.7,741.7,781.7,1024.0,993.5,1004.0
670.0,864.0,1034.7,889.0,731.7,742.0,782.0,1024.0,994.0,1005.0
671.0,864.0,1034.7,889.3,732.7,742.3,783.0,1024.0,994.5,1005.0
672.0,865.0,1035.3,890.0,732.7,743.3,784.0,1024.5,994.5,1005.0
673.0,865.0,1035.7,890.3,733.7,743.7,784.0,1024.5,994.5,1006.0
674.0,866.0,1035.7,891.0,734.7,744.7,785.0,1025.0,995.0,1006.0
675.0,866.0,1035.7,891.0,734.7,745.0,785.0,1025.0,995.5,1006.0
676.0,867.0,1036.3,891.7,735.7,745.7,786.0,1025.0,995.5,1006.0
677.0,867.0,1036.3,892.3,736.7,746.0,786.7,1025.0,995.5,1006.0
678.0,867.0,1036.7,892.7,736.7,746.7,786.7,1025.0,996.0,1007.0
679.0,868.0,1037.0,893.0,737.7,747.3,787.7,1025.0,996.5,1007.0
680.0,868.0,1037.0,893.3,738.0,747.7,788.7,1025.0,997.0,1007.0
681.0,869.0,1037.7,893.7,738.7,748.3,788.7,1025.5,997.0,1007.0
682.0,869.0,1037.7,894.7,739.7,749.0,789.7,1025.5,997.5,1007.0
683.0,870.0,1038.0,895.0,740.3,749.7,790.3,1025.5,998.0,1007.0
684.0,870.0,1038.3,895.0,740.7,750.0,790.7,1025.5,998.0,1008.0
685.0,870.0,1038.7,896.0,741.7,750.3,791.3,1025.5,998.0,1008.0
686.0,871.0,1038.7,896.3,742.3,751.3,791.7,1026.0,998.0,1009.0
687.0,871.0,1038.7,896.3,742.7,752.0,792.3,1026.0,999.0,1009.0
688.0,872.0,1039.3,897.3,743.7,752.3,793.0,1026.0,999.0,1009.0
689.0,872.0,1039.7,897.7,744.3,753.0,793.7,1026.0,999.0,1009.0
690.0,873.0,1040.0,898.0,744.7,753.7,794.0,1026.0,999.5,1009.0
691.0,873.0,1040.0,898.3,745.3,754.0,795.0,1026.0,999.5,1010.0
692.0,873.0,1040.0,899.0,746.0,754.7,795.0,1026.5,1000.0,1010.0
693.0,874.0,1040.3,899.3,746.7,755.3,796.0,1026.5,1000.5,1010.0
694.0,874.0,1041.0,899.7,747.3,755.7,796.3,1026.5,1000.5,1010.0
695.0,875.0,1041.0,900.0,747.7,756.3,797.3,1027.0,1000.5,1010.0
696.0,875.0,1041.0,900.3,748.7,757.0,797.7,1027.0,1001.0,1011.0
697.0,875.0,1042.0,901.0,749.3,757.3,798.3,1027.0,1001.5,1011.0
698.0,876.0,1042.0,901.3,749.7,758.3,798.7,1027.0,1001.5,1011.0
699.0,876.0,1042.0,901.7,750.7,758.3,799.7,1027.0,1001.5,1011.0
700.0,877.0,1042.0,902.3,750.7,759.3,800.0,1027.5,1001.5,1011.0
701.0,877.0,1042.3,902.7,751.7,759.7,801.0,1027.5,1002.5,1012.0
702.0,877.0,1042.7,903.3,752.3,760.0,801.0,1027.5,1002.5,1012.0
703.0,878.0,1043.0,903.3,753.0,761.0,802.0,1027.5,1003.0,1012.0
704.0,878.0,1043.3,904.3,753.3,761.3,802.3,1027.5,1003.0,1012.0
705.0,879.0,1043.3,904.3,754.0,762.0,802.7,1028.0,1003.0,1012.0
706.0,879.0,1043.3,904.7,754.7,762.3,803.7,1028.0,1003.0,1012.0
707.0,879.0,1043.7,905.0,755.3,763.0,803.7,1028.0,1004.0,1013.0
708.0,880.0,1044.0,906.0,756.0,763.7,804.7,1028.0,1004.0,1013.0
709.0,880.0,1044.0,906.0,756.7,764.0,805.3,1028.0,1004.0,1013.0
710.0,881.0,1044.3,906.3,757.3,764.7,805.7,1028.0,1005.0,1013.0
711.0,881.0,1044.7,907.0,757.7,765.3,806.3,1028.5,1005.0,1013.0
712.0,882.0,1045.0,907.3,758.3,765.7,807.0,1028.5,1005.0,1013.0
713.0,882.0,1045.0,908.0,759.0,766.3,807.3,1028.5,1005.0,1013.0
714.0,882.0,1045.3,908.0,759.7,766.7,808.3,1028.5,1005.5,1013.0
715.0,882.0,1045.3,908.3,760.3,767.3,808.3,1028.5,1006.0,1014.0
716.0,883.0,1045.3,909.0,760.7,768.0,809.3,1029.0,1006.0,1014.0
717.0,883.0,1045.3,909.3,761.3,768.3,809.7,1029.0,1006.5,1014.0
718.0,884.0,1046.0,909.7,762.3,769.0,810.3,1029.0,1006.5,1014.0
719.0,884.0,1046.0,910.0,762.3,769.7,810.7,1029.0,1006.5,1014.0
720.0,885.0,1046.0,910.3,763.3,770.0,811.0,1029.0,1006.5,1015.0
721.0,885.0,1046.0,911.0,764.0,770.7,812.0,1029.0,1007.0,1015.0
722.0,885.0,1046.7,911.3,764.3,771.0,812.3,1029.5,1007.5,1015.0
723.0,886.0,1046.7,911.7,765.3,771.3,813.0,1029.5,1007.5,1015.0
724.0,886.0,1046.7,912.0,765.7,772.0,813.3,1029.5,1008.0,1015.0
725.0,887.0,1046.7,912.7,766.7,772.7,814.3,1029.5,1008.0,1016.0
726.0,887.0,1047.0,912.7,766.7,773.3,814.7,1029.5,1008.0,1016.0
727.0,887.0,1047.0,913.3,767.3,774.0,815.0,1029.5,1008.5,1016.0
728.0,888.0,1047.0,913.3,768.0,774.3,815.7,1029.5,1008.5,1016.0
729.0,888.0,1047.0,914.0,768.7,774.7,816.0,1029.5,1009.0,1016.0
730.0,888.0,1047.3,914.3,769.3,775.3,817.0,1029.5,1009.0,1016.0
731.0,889.0,1047.3,914.7,770.0,775.7,817.3,1030.0,1009.0,1016.0
732.0,889.0,1047.3,915.0,770.3,776.3,817.7,1030.0,1009.5,1017.0
733.0,889.0,1047.7,915.7,771.0,777.0,818.7,1030.0,1010.0,1017.0
734.0,890.0,1047.7,916.0,771.3,777.3,818.7,1030.0,1010.0,1017.0
735.0,890.0,1047.7,916.3,772.0,778.0,819.7,1030.0,1010.0,1017.0
736.0,891.0,1047.7,916.3,772.3,778.3,820.0,1029.5,1010.5,1017.0
737.0,891.0,1048.0,917.0,773.3,778.7,820.7,1029.5,1010.5,1017.0
738.0,892.0,1048.0,917.0,774.0,779.7,821.3,1029.5,1010.5,1012.0
739.0,892.0,1048.0,918.0,774.3,780.0,821.7,1029.5,1010.5,1012.0
740.0,892.0,1048.0,918.0,775.3,780.3,822.3,1029.5,1011.0,1013.0
741.0,892.0,1048.3,918.7,775.7,781.3,822.3,1029.5,1011.5,1013.0
742.0,893.0,1048.3,918.7,776.3,781.7,823.3,1029.5,1011.0,1013.0
743.0,893.0,1048.3,919.3,776.7,782.0,824.0,1029.5,1011.5,1013.0
744.0,894.0,1048.3,919.7,777.3,782.7,824.3,1029.5,1011.5,1013.0
745.0,894.0,1048.7,920.0,778.0,783.0,825.0,1029.5,1012.0,1013.0
746.0,894.0,1048.7,920.3,778.3,783.7,825.0,1029.5,1012.0,1014.0
747.0,895.0,1048.7,920.7,779.0,784.3,826.0,1029.5,1012.5,1014.0
748.0,895.0,1048.7,921.3,779.7,784.7,826.3,1030.0,1012.5,1014.0
749.0,895.0,1049.0,921.3,780.3,785.0,827.0,1030.0,1012.5,1014.0
750.0,896.0,1049.0,921.7,780.7,785.7,827.3,1030.0,1012.5,1015.0
751.0,896.0,1049.0,922.3,781.3,786.0,827.7,1030.0,1012.5,1015.0
752.0,897.0,1049.0,922.3,782.0,786.3,828.7,1029.5,1012.5,1015.0
753.0,897.0,1049.0,923.0,782.3,787.3,829.0,1030.0,1013.0,1015.0
754.0,897.0,1049.7,923.3,783.0,787.3,829.7,1030.0,1013.0,1015.0
755.0,897.0,1049.3,923.7,783.7,788.0,830.0,1030.0,1013.0,1015.0
756.0,898.0,1049.3,924.0,784.3,788.7,830.3,1030.0,1013.0,1015.0
757.0,898.0,1049.7,924.0,785.0,789.0,831.0,1030.0,1013.5,1015.0
758.0,899.0,1050.0,924.3,785.0,789.7,831.3,1030.0,1013.5,1015.0
759.0,899.0,1050.0,925.0,785.7,790.0,832.0,1030.0,1013.5,1016.0
760.0,899.0,1050.0,925.3,786.7,790.7,832.7,1030.0,1014.0,1016.0
761.0,900.0,1050.3,925.7,787.0,791.3,833.0,1030.0,1014.5,1016.0
762.0,900.0,1050.7,926.0,787.7,791.7,833.7,1030.0,1014.5,1016.0
763.0,900.0,1050.7,926.0,788.0,792.3,834.3,1029.5,1014.5,1016.0
764.0,901.0,1050.7,926.7,788.7,792.3,834.7,1029.0,1014.5,1017.0
765.0,901.0,1050.7,927.0,788.7,793.3,835.3,1029.0,1015.0,1017.0
766.0,901.0,1050.7,927.3,789.7,793.7,835.3,1029.0,1015.0,1017.0
767.0,902.0,1051.0,928.0,790.3,794.0,836.3,1028.0,1015.0,1017.0
768.0,902,1051,928,791,794,836,NaN,1015.00,1017.00
769.0,902,1051,929,791,795,837,NaN,1015.00,1018.00
770.0,903,1051,929,792,796,837,NaN,1015.50,1018.00
771.0,903,1051,929,793,796,838,NaN,1015.50,1018.00
772.0,904,1051,929,793,797,839,NaN,1015.50,1018.00
773.0,904,1051,930,794,797,839,NaN,1015.50,1018.00
774.0,904,1051,930,794,797,840,NaN,1016.00,1018.00
775.0,905,1052,931,795,798,840,NaN,1016.00,1018.00
776.0,905,1052,931,795,798,841,NaN,1016.00,1018.00
777.0,905,1052,931,796,799,841,NaN,1016.00,1019.00
778.0,906,1052,931,796,799,842,NaN,1017.00,1019.00
779.0,906,1052,932,797,800,842,NaN,1017.00,1019.00
780.0,906,1052,932,797,801,843,NaN,1017.00,1019.00
781.0,907,1052,933,798,801,843,NaN,1017.00,1019.00
782.0,907,1052,933,798,801,843,NaN,1017.00,1019.00
783.0,907,1052,933,799,802,844,NaN,1017.00,1020.00
784.0,908,1052,933,799,802,845,NaN,1017.00,1020.00
785.0,908,1052,934,800,803,845,NaN,1017.50,1020.00
786.0,908,1052,934,800,803,845,NaN,1017.50,1020.00
787.0,908,1053,934,801,804,846,NaN,1017.50,1020.00
788.0,908,1052,935,801,804,847,NaN,1018.00,1020.00
789.0,909,1052,935,802,805,847,NaN,1018.00,1020.00
790.0,909,1053,935,802,805,847,NaN,1018.00,1021.00
791.0,909,1053,936,803,806,848,NaN,1018.00,1021.00
792.0,910,1053,936,803,806,848,NaN,1018.00,1021.00
793.0,910,1053,936,804,807,849,NaN,1018.50,1021.00
794.0,910,1053,936,804,807,849,NaN,1019.00,1021.00
795.0,911,1053,936,805,807,850,NaN,1019.00,1022.00
796.0,911,1053,937,805,808,850,NaN,1019.00,1022.00
797.0,911,1053,937,806,808,851,NaN,1019.00,1022.00
798.0,912,1053,938,806,809,851,NaN,1019.00,1022.00
799.0,912,1054,938,807,809,852,NaN,1019.00,1022.00
800.0,912,1054,938,808,810,852,NaN,1019.50,1022.00
801.0,912,1054,938,808,810,853,NaN,1019.50,1022.00
802.0,913,1054,938,809,811,853,NaN,1019.50,1022.00
803.0,913,1054,939,809,811,854,NaN,1019.50,1023.00
804.0,913,1054,939,810,812,854,NaN,1019.50,1023.00
805.0,914,1054,939,810,812,855,NaN,1020.50,1023.00
806.0,914,1054,939,811,812,855,NaN,1020.50,1023.00
807.0,915,1054,939,811,813,855,NaN,1020.50,1023.00
808.0,915,1054,940,812,813,856,NaN,1020.50,1023.00
809.0,915,1054,940,812,814,856,NaN,1020.50,1024.00
810.0,915,1072,940,813,814,857,NaN,1021.00,1024.00
811.0,916,1072,941,813,815,857,NaN,1021.00,1024.00
812.0,916,1072,941,814,815,858,NaN,1021.00,1024.00
813.0,916,1072,941,814,815,858,NaN,1021.00,1024.00
814.0,917,1072,941,815,816,858,NaN,1021.00,1024.00
815.0,917,1072,942,815,817,859,NaN,1021.00,1024.00
816.0,917,1072,942,816,817,859,NaN,1021.50,1024.00
817.0,917,1072,942,817,817,860,NaN,1021.50,1024.00
818.0,918,1072,942,817,818,860,NaN,1021.50,1024.00
819.0,918,1072,942,817,818,861,NaN,1021.50,1024.00
820.0,918,1073,943,818,819,861,NaN,1022.00,1024.00
821.0,919,1073,943,818,819,862,NaN,1022.00,1025.00
822.0,919,1073,943,819,820,862,NaN,1022.00,1025.00
823.0,919,1073,944,819,820,863,NaN,1022.00,1025.00
824.0,920,1073,944,820,821,863,NaN,1022.00,1025.00
825.0,920,1073,944,820,821,864,NaN,1022.00,1025.00
826.0,920,1073,944,821,821,864,NaN,1022.00,1025.00
827.0,920,1073,944,821,821,865,NaN,1022.50,1025.00
828.0,921,1073,945,822,822,865,NaN,1022.50,1026.00
829.0,921,1073,945,822,822,865,NaN,1022.50,1026.00
830.0,921,1073,945,823,823,866,NaN,1022.50,1026.00
831.0,922,1073,946,823,823,866,NaN,1022.50,1026.00
832.0,922,1073,946,824,824,866,NaN,1022.50,1026.00
833.0,922,1073,946,824,824,867,NaN,1022.50,1026.00
834.0,922,1073,946,824,825,867,NaN,1023.00,1026.00
835.0,923,1073,947,825,825,868,NaN,1023.00,1026.00
836.0,923,1073,947,825,826,868,NaN,1023.00,1026.00
837.0,923,1073,947,826,826,869,NaN,1023.00,1026.00
838.0,923,1073,947,826,826,869,NaN,1023.50,1027.00
839.0,924,1073,947,827,826,870,NaN,1023.50,1027.00
840.0,924,1073,947,827,827,870,NaN,1023.50,1027.00
841.0,924,1073,948,828,828,870,NaN,1023.50,1027.00
842.0,925,1073,948,828,828,871,NaN,1023.50,1027.00
843.0,925,1073,948,829,829,871,NaN,1023.50,1027.00
844.0,925,1073,948,829,829,872,NaN,1023.50,1027.00
845.0,926,1073,949,830,830,872,NaN,1023.50,1027.00
846.0,926,1073,949,830,830,873,NaN,1024.00,1027.00
847.0,926,1073,949,830,830,873,NaN,1024.00,1027.00
848.0,926,1073,949,831,830,873,NaN,1024.00,1027.00
849.0,927,1073,950,832,831,874,NaN,1024.00,1027.00
850.0,927,1073,950,832,831,874,NaN,1024.00,1027.00
851.0,927,1073,950,832,832,875,NaN,1024.00,1027.00
852.0,927,1073,950,833,832,875,NaN,1024.00,1027.00
853.0,928,1073,950,833,833,876,NaN,1024.00,1028.00
854.0,928,1073,951,834,833,876,NaN,1024.50,1028.00
855.0,928,1073,951,834,834,876,NaN,1024.50,1028.00
856.0,929,1073,951,835,834,877,NaN,1024.50,1028.00
857.0,929,1073,951,835,834,877,NaN,1024.50,1028.00
858.0,929,1073,951,836,835,877,NaN,1024.50,1028.00
859.0,930,1073,952,836,835,878,NaN,1024.50,1028.00
860.0,930,1073,952,837,835,878,NaN,1024.50,1028.00
861.0,930,1073,952,837,836,879,NaN,1024.50,1028.00
862.0,930,1073,952,838,836,879,NaN,1024.50,1028.00
863.0,931,1073,953,838,837,879,NaN,1024.50,1028.00
864.0,931,1073,953,838,837,880,NaN,1024.50,1028.00
865.0,931,1073,953,839,838,880,NaN,1024.50,1028.00
866.0,931,1073,953,839,838,881,NaN,1024.50,1028.00
867.0,932,1073,953,840,838,881,NaN,1024.50,1028.00
868.0,932,1073,954,840,839,882,NaN,1024.50,1028.00
869.0,932,1073,954,841,839,882,NaN,1025.00,1028.00
870.0,932,1073,954,841,839,883,NaN,1025.00,1028.00
871.0,933,1073,954,841,840,883,NaN,1025.00,1028.00
872.0,933,1073,954,842,840,883,NaN,1025.00,1028.00
873.0,933,1074,955,842,841,884,NaN,1025.00,1028.00
874.0,933,1074,955,843,841,884,NaN,1025.00,1028.00
875.0,934,1074,955,843,842,884,NaN,1029.00,1028.00
876.0,934,1074,955,843,842,885,NaN,1029.00,1028.00
877.0,934,1074,955,844,843,885,NaN,1029.00,1028.00
878.0,934,1074,956,844,843,886,NaN,1029.00,1028.00
879.0,935,1074,956,845,843,886,NaN,1029.00,1028.00
880.0,935,1074,956,845,843,886,NaN,1029.00,1028.00
881.0,935,1074,956,846,844,887,NaN,1029.00,1029.00
882.0,935,1074,956,846,844,887,NaN,1029.00,1029.00
883.0,936,1074,957,847,845,887,NaN,1029.00,1029.00
884.0,936,1074,957,847,845,888,NaN,1029.00,1029.00
885.0,936,1074,957,848,846,888,NaN,1029.00,1029.00
886.0,936,1074,957,848,846,889,NaN,1029.00,1029.00
887.0,936,1074,958,848,846,889,NaN,1030.00,1029.00
888.0,937,1074,958,849,847,889,NaN,1030.00,1029.00
889.0,937,1074,958,849,847,890,NaN,1030.00,1029.00
890.0,937,1074,958,850,847,890,NaN,1030.00,1029.00
891.0,937,1074,958,850,848,891,NaN,1030.00,1029.00
892.0,938,1074,958,851,848,891,NaN,1030.00,1029.00
893.0,938,1074,959,851,848,892,NaN,1030.00,1029.00
894.0,938,1074,959,852,849,892,NaN,1030.00,1029.00
895.0,938,1074,959,852,849,892,NaN,1030.00,1029.00
896.0,939,1074,959,852,850,893,NaN,1030.00,1029.00
897.0,939,1074,959,853,850,893,NaN,1030.00,1029.00
898.0,939,1074,960,853,850,893,NaN,1030.00,1029.00
899.0,939,1074,960,853,851,893,NaN,1031.00,1029.00
900.0,939,1074,960,854,851,894,NaN,1031.00,1029.00
901.0,940,1074,960,854,851,894,NaN,1031.00,1029.00
902.0,940,1074,961,855,852,895,NaN,1031.00,1029.00
903.0,940,1074,961,855,852,895,NaN,1031.00,1029.00
904.0,940,1074,961,856,853,896,NaN,1031.00,1029.00
905.0,941,1074,961,856,853,896,NaN,1031.00,1029.00
906.0,941,1074,961,856,853,896,NaN,1031.00,1029.00
907.0,941,1074,961,857,854,896,NaN,1031.00,1029.00
908.0,941,1074,962,857,854,897,NaN,1031.00,1030.00
909.0,942,1074,962,858,854,897,NaN,1031.00,1030.00
910.0,942,1074,962,858,855,897,NaN,1031.00,1030.00
911.0,942,1074,962,859,855,898,NaN,1031.00,1030.00
912.0,942,1074,962,859,855,898,NaN,1031.00,1030.00
913.0,942,NaN,962,859,856,899,NaN,1031.00,1030.00
914.0,943,NaN,962,860,856,899,NaN,1031.00,1030.00
915.0,943,NaN,963,860,856,899,NaN,1031.00,1030.00
916.0,943,NaN,963,861,857,900,NaN,1032.00,1030.00
917.0,944,NaN,963,861,857,900,NaN,1032.00,1030.00
918.0,944,NaN,963,861,858,901,NaN,1032.00,1030.00
919.0,944,NaN,964,862,858,901,NaN,1032.00,1030.00
920.0,944,NaN,964,862,858,902,NaN,1032.00,1030.00
921.0,944,NaN,964,862,859,902,NaN,1032.00,1030.00
922.0,945,NaN,964,863,859,902,NaN,1032.00,1030.00
923.0,945,NaN,964,863,860,902,NaN,1032.00,1030.00
924.0,945,NaN,964,864,860,903,NaN,1032.00,1030.00
925.0,945,NaN,965,864,860,903,NaN,1032.00,1032.00
926.0,946,NaN,965,864,861,903,NaN,1032.00,1032.00
927.0,946,NaN,965,865,861,904,NaN,1032.00,1032.00
928.0,946,NaN,965,865,861,904,NaN,1032.00,1032.00
929.0,946,NaN,965,866,862,905,NaN,1032.00,1032.00
930.0,947,NaN,965,866,862,905,NaN,1032.00,1032.00
931.0,947,NaN,965,867,862,905,NaN,1032.00,1032.00
932.0,947,NaN,966,867,863,905,NaN,1032.00,1032.00
933.0,947,NaN,966,867,863,906,NaN,1032.00,1032.00
934.0,947,NaN,966,868,863,906,NaN,1032.00,1032.00
935.0,948,NaN,966,868,864,906,NaN,1032.00,1032.00
936.0,948,NaN,967,868,864,907,NaN,1032.00,1032.00
937.0,948,NaN,967,869,864,907,NaN,1032.00,1032.00
938.0,948,NaN,967,869,865,908,NaN,1032.00,1032.00
939.0,949,NaN,967,869,865,908,NaN,1032.00,1032.00
940.0,949,NaN,967,870,866,908,NaN,1032.00,1032.00
941.0,949,NaN,967,870,866,909,NaN,1032.00,1032.00
942.0,949,NaN,968,871,866,909,NaN,1032.00,1032.00
943.0,949,NaN,968,871,866,909,NaN,1032.00,1032.00
944.0,950,NaN,968,871,867,910,NaN,1032.00,1032.00
945.0,950,NaN,968,872,867,910,NaN,1032.00,1032.00
946.0,950,NaN,968,872,868,911,NaN,1032.00,1032.00
947.0,950,NaN,968,872,868,911,NaN,1032.00,1032.00
948.0,950,NaN,968,873,868,911,NaN,1032.00,1032.00
949.0,951,NaN,969,873,869,911,NaN,1032.00,1032.00
950.0,951,NaN,969,873,869,912,NaN,1032.00,1032.00
951.0,951,NaN,969,874,869,912,NaN,1032.00,1032.00
952.0,951,NaN,952,874,869,912,NaN,1032.00,1032.00
953.0,952,NaN,952,875,870,912,NaN,1032.00,1032.00
954.0,952,NaN,952,875,870,913,NaN,1032.00,1032.00
955.0,952,NaN,953,876,871,913,NaN,1032.00,1032.00
956.0,952,NaN,953,876,871,914,NaN,1032.00,1032.00
957.0,952,NaN,953,876,871,914,NaN,1032.00,1032.00
958.0,953,NaN,953,877,871,914,NaN,1032.00,1032.00
959.0,953,NaN,954,877,872,915,NaN,1032.00,1032.00
960.0,953,NaN,954,877,872,915,NaN,1032.00,1032.00
961.0,953,NaN,954,878,872,915,NaN,1032.00,1032.00
962.0,953,NaN,954,878,873,916,NaN,1032.00,1032.00
963.0,954,NaN,954,878,873,916,NaN,1032.00,1032.00
964.0,954,NaN,955,879,873,916,NaN,1032.00,NaN
965.0,954,NaN,955,879,874,917,NaN,1032.00,NaN
966.0,954,NaN,955,879,874,917,NaN,NaN,NaN
967.0,955,NaN,955,880,874,917,NaN,NaN,NaN
968.0,955,NaN,955,880,875,917,NaN,NaN,NaN
969.0,955,NaN,956,880,875,918,NaN,NaN,NaN
970.0,955,NaN,956,880,875,918,NaN,NaN,NaN
971.0,955,NaN,956,881,875,919,NaN,NaN,NaN
972.0,955,NaN,957,881,876,919,NaN,NaN,NaN
973.0,956,NaN,957,881,876,919,NaN,NaN,NaN
974.0,956,NaN,957,882,877,920,NaN,NaN,NaN
975.0,956,NaN,957,882,877,920,NaN,NaN,NaN
976.0,956,NaN,958,883,877,920,NaN,NaN,NaN
977.0,956,NaN,958,883,877,920,NaN,NaN,NaN
978.0,956,NaN,958,883,878,920,NaN,NaN,NaN
979.0,957,NaN,958,884,878,921,NaN,NaN,NaN
980.0,957,NaN,959,884,878,921,NaN,NaN,NaN
981.0,957,NaN,959,885,878,922,NaN,NaN,NaN
982.0,957,NaN,959,885,879,922,NaN,NaN,NaN
983.0,957,NaN,959,885,879,922,NaN,NaN,NaN
984.0,957,NaN,960,886,879,923,NaN,NaN,NaN
985.0,958,NaN,960,886,879,923,NaN,NaN,NaN
986.0,958,NaN,960,886,880,923,NaN,NaN,NaN
987.0,958,NaN,960,887,880,923,NaN,NaN,NaN
988.0,958,NaN,960,887,881,924,NaN,NaN,NaN
989.0,959,NaN,960,887,881,924,NaN,NaN,NaN
990.0,959,NaN,961,888,881,925,NaN,NaN,NaN
991.0,959,NaN,961,888,881,925,NaN,NaN,NaN
992.0,959,NaN,961,888,881,925,NaN,NaN,NaN
993.0,959,NaN,961,888,882,925,NaN,NaN,NaN
994.0,959,NaN,961,889,882,926,NaN,NaN,NaN
995.0,959,NaN,962,889,882,926,NaN,NaN,NaN
996.0,960,NaN,962,890,883,926,NaN,NaN,NaN
997.0,960,NaN,962,890,883,927,NaN,NaN,NaN
998.0,960,NaN,962,890,884,927,NaN,NaN,NaN
999.0,960,NaN,962,890,884,927,NaN,NaN,NaN
1000.0,960,NaN,963,891,884,927,NaN,NaN,NaN